Date;Time ;Weekday;P_pump ;p_TDLAS;p_in ;I_total;U_supply ;external_pump;Runtime;Conc_estimate;pCH4;xCH4;T_control;T_gas;%rH_gas;
-   ;-    ;-      ;W      ;mbar   ;mbar ;mA     ;V        ;-            ;s      ;ppm          ;µatm;ppm ;°C       ;°C   ;%;
2021-03-31;06:18:13;3;2,996;1045,94;1026,68;314,375;24,624172;1;426987;341,271;342,068;337,591;34,002;30,681;55,942;
2021-03-31;06:19:13;3;0,439;1045,35;1026,13;325,525;24,623388;1;427047;286,171;286,759;283,158;34;30,692;56,178;
2021-03-31;06:19:23;3;0,439;1032,86;1024,06;236,925;24,637228;1;427057;389,051;388,876;384,771;34,006;30,657;26,312;
2021-03-31;06:19:33;3;0,439;1031,88;1024,26;228,1;24,633106;1;427067;397,911;397,796;393,518;33,998;30,637;15,972;
2021-03-31;06:19:43;3;0,439;1031,52;1024,36;254,975;24,635264;1;427077;400,133;400,052;395,712;34,001;30,641;15,096;
2021-03-31;06:19:53;3;0,439;1031,27;1024,45;233,325;24,633105;1;427087;401,047;400,999;396,614;33,995;30,63;14,832;
2021-03-31;06:20:03;3;0,439;1031,08;1024,48;255,35;24,636835;1;427097;401,408;401,369;396,97;33,999;30,625;14,689;
2021-03-31;06:20:13;3;0,439;1031,06;1024,5;255,2;24,634872;1;427107;401,505;401,476;397,066;33,999;30,631;14,596;
2021-03-31;06:21:13;3;0,438;1045,41;1026,27;326,725;24,62535;1;427167;265,24;265,848;262,473;34,001;30,672;56,223;
2021-03-31;06:22:13;3;0,438;1044,97;1025,76;329,587;24,623092;1;427227;221,984;222,428;219,714;33,995;30,683;56,431;
2021-03-31;06:22:23;3;0,439;1032,79;1022,89;254,3;24,635265;1;427237;294,769;294,43;291,653;33,999;30,641;25,823;
2021-03-31;06:22:33;3;0,439;1031,93;1023,24;248,05;24,63821;1;427247;303,069;302,813;299,854;33,997;30,637;16,086;
2021-03-31;06:22:43;3;0,439;1031,51;1023,47;242,65;24,63448;1;427257;304,732;304,54;301,497;34,002;30,635;15,21;
2021-03-31;06:22:53;3;0,438;1031,33;1023,63;236,65;24,636639;1;427267;305,359;305,213;302,117;34,005;30,625;14,945;
2021-03-31;06:23:03;3;5,552;1031,28;1023,83;244,275;24,638602;1;427277;305,499;305,413;302,255;33,995;30,623;14,831;
2021-03-31;06:23:13;3;0,439;1030,99;1023,93;252,55;24,634088;1;427287;305,701;305,643;302,455;33,991;30,615;14,71;
2021-03-31;06:24:13;3;0,438;1045,26;1026,13;318,487;24,623682;1;427347;201,792;202,289;199,748;34;30,67;56,474;
2021-03-31;06:25:13;3;0,438;1044,83;1025,59;323,512;24,625743;1;427407;170,038;170,394;168,342;33,999;30,686;56,692;
2021-03-31;06:25:23;3;0,438;1032,4;1023,23;241,925;24,63762;1;427417;223,739;223,631;221,449;34,005;30,643;26,193;
2021-03-31;06:25:33;3;0,438;1031,28;1023,49;255,55;24,635657;1;427427;230,181;230,121;227,818;34,002;30,637;16,185;
2021-03-31;06:25:43;3;5,552;1031,06;1023,67;260,05;24,639977;1;427437;231,713;231,692;229,333;33,994;30,639;15,303;
2021-03-31;06:25:53;3;0,438;1030,76;1023,82;245,075;24,638406;1;427447;232,441;232,452;230,053;34,002;30,631;15,053;
2021-03-31;06:26:03;3;0,438;1030,65;1023,93;256,925;24,635854;1;427457;232,667;232,704;230,276;34,001;30,625;14,881;
2021-03-31;06:26:13;3;0,438;1030,64;1024;255,25;24,638406;1;427467;232,919;232,972;230,525;33,994;30,627;14,803;
2021-03-31;06:27:13;3;2,995;1045,01;1025,88;320,337;24,626038;1;427527;154,899;155,278;153,365;33,998;30,679;56,716;
2021-03-31;06:28:13;3;0,439;1044,62;1025,44;309,262;24,626528;1;427587;131,006;131,285;129,724;34,002;30,695;56,909;
2021-03-31;06:28:23;3;0,439;1031,92;1023,56;243,9;24,641744;1;427597;173,189;173,204;171,459;34,003;30,661;27,31;
2021-03-31;06:28:33;3;0,438;1030,93;1023,76;248,475;24,640369;1;427607;176,625;176,672;174,857;34,003;30,661;16,243;
2021-03-31;06:28:43;3;0,438;1030,5;1023,88;225,325;24,637425;1;427617;177,586;177,653;175,807;34,003;30,661;15,404;
2021-03-31;06:28:53;3;0,438;1030,31;1023,98;245,425;24,639976;1;427627;178,247;178,331;176,462;34,001;30,653;15,103;
2021-03-31;06:29:03;3;0,439;1030,09;1024,07;249,3;24,637032;1;427637;178,065;178,165;176,282;33,998;30,643;14,975;
2021-03-31;06:29:13;3;0,438;1030,06;1024,17;240,075;24,639191;1;427647;178,279;178,397;176,494;34,003;30,643;14,882;
2021-03-31;06:30:13;3;0,438;1045,12;1025,98;311,7;24,626725;1;427707;119,268;119,592;118,107;33,999;30,706;56,942;
2021-03-31;06:31:13;3;2,995;1044,69;1025,64;315,687;24,629081;1;427767;100,804;101,054;99,833;34,001;30,72;57,134;
2021-03-31;06:31:23;3;0,438;1031,19;1023,79;219,625;24,636443;1;427777;132,303;132,371;131,008;33,999;30,679;26,398;
2021-03-31;06:31:33;3;0,438;1030,13;1023,95;240,25;24,641154;1;427787;135,59;135,678;134,26;34,002;30,677;16,386;
2021-03-31;06:31:43;3;0,438;1029,9;1024,04;237,45;24,63605;1;427797;136,436;136,536;135,097;33,995;30,683;15,462;
2021-03-31;06:31:53;3;5,552;1029,59;1024,12;224,575;24,639387;1;427807;136,682;136,792;135,34;34,002;30,675;15,19;
2021-03-31;06:32:03;3;0,438;1029,65;1024,22;243,35;24,63605;1;427817;136,932;137,056;135,587;33,998;30,675;15,062;
2021-03-31;06:32:13;3;0,438;1029,35;1024,28;233,725;24,643314;1;427827;136,96;137,092;135,615;34;30,669;14,955;
2021-03-31;06:33:13;3;0,438;1044,85;1025,79;299,862;24,625645;1;427887;91,785;92,03;90,904;34,001;30,744;57,115;
2021-03-31;06:34:13;3;0,438;1044,48;1025,5;310,725;24,62486;1;427947;77,856;78,047;77,115;34;30,769;57,315;
2021-03-31;06:34:23;3;0,438;1031,37;1022,75;251,95;24,638602;1;427957;101,357;101,321;100,38;33,997;30,715;26,443;
2021-03-31;06:34:33;3;0,438;1030,41;1023,08;255,7;24,634676;1;427967;104,479;104,475;103,471;33,988;30,699;16,409;
2021-03-31;06:34:43;3;0,438;1030,02;1023,36;231,475;24,642725;1;427977;104,716;104,739;103,704;34,003;30,701;15,512;
2021-03-31;06:34:53;3;0,438;1029,85;1023,53;243,025;24,640173;1;427987;105,319;105,361;104,302;33,995;30,697;15,256;
2021-03-31;06:35:03;3;0,439;1029,63;1023,71;236,35;24,642922;1;427997;105,304;105,363;104,286;34,002;30,701;15,121;
2021-03-31;06:35:13;3;0,438;1029,46;1023,88;240,225;24,640762;1;428007;105,455;105,533;104,437;33,998;30,697;15,006;
2021-03-31;06:36:13;3;0,438;1044,65;1025,72;306;24,625743;1;428067;71,177;71,37;70,502;33,999;30,763;57,289;
2021-03-31;06:37:13;3;0,438;1044,32;1025,49;303,075;24,629964;1;428127;60,864;61,018;60,289;34;30,79;57,47;
2021-03-31;06:37:23;3;5,552;1030,78;1023,71;224,8;24,639584;1;428137;78,319;78,374;77,573;34;30,753;26,305;
2021-03-31;06:37:33;3;0,438;1029,91;1023,94;234,825;24,641547;1;428147;80,987;81,061;80,215;34;30,745;16,454;
2021-03-31;06:37:43;3;0,438;1029,5;1024,05;234,05;24,637817;1;428157;81,188;81,271;80,413;33,996;30,739;15,564;
2021-03-31;06:37:53;3;0,439;1029,39;1024,19;224,375;24,638406;1;428167;81,501;81,595;80,724;34,002;30,741;15,322;
2021-03-31;06:38:03;3;5,551;1029,12;1024,29;235,575;24,640762;1;428177;81,483;81,586;80,706;34,001;30,753;15,144;
2021-03-31;06:38:13;3;0,438;1029,16;1024,35;221,8;24,639191;1;428187;81,42;81,526;80,643;34;30,749;15,051;
2021-03-31;06:39:33;3;0,438;1044,77;1026,02;301,487;24,63232;1;428267;52,48;52,642;51,987;34,001;30,817;57,525;
2021-03-31;06:40:33;3;0,438;1044,55;1025,74;298,612;24,63124;1;428327;44,267;44,393;43,853;33,998;30,863;57,652;
2021-03-31;06:42:41;3;0,438;1042,1;1023,14;301,1;24,62859;1;428408;38,107;38,12;37,751;34,003;30,874;57,935;
2021-03-31;06:43:41;3;0,438;1042,49;1023,57;298,45;24,630946;1;428468;32,75;32,776;32,446;33,997;30,946;57,861;
2021-03-31;06:44:41;3;0,438;1042,79;1023,86;297,675;24,630357;1;428528;28,168;28,199;27,907;33,998;30,987;57,788;
2021-05-24;10:37:54;1;0,414;1032,27;1012,68;1324,325;18,802493;1;428619;8,79;8,704;8,709;24,664;21,766;50,423;
2021-05-24;10:38:54;1;0,416;1037,24;1017,71;1325,712;18,801118;1;428679;8,414;8,373;8,337;25,912;21,892;51,44;
2021-05-24;10:39:54;1;0,419;1038,78;1019,32;1316,2;18,799155;1;428739;9,302;9,272;9,217;26,914;22,087;51,954;
2021-05-24;10:40:54;1;0,421;1038,78;1019,46;1318,362;18,800824;1;428799;9,81;9,78;9,72;27,825;22,368;52,187;
2021-05-24;10:41:54;1;0,422;1038,33;1018,89;1324,137;18,799253;1;428859;9,552;9,517;9,464;28,69;22,692;52,225;
2021-05-24;10:42:54;1;0,424;1037,54;1018,04;1323,512;18,798763;1;428919;9,246;9,204;9,16;29,514;23,054;52,109;
2021-05-24;10:43:54;1;2,983;1036,53;1017,06;1321,137;18,7968;1;428979;8,55;8,503;8,471;30,306;23,451;51,848;
2021-05-24;10:44:54;1;0,426;1035,7;1016,09;1316,787;18,798076;1;429039;8,136;8,084;8,061;31,069;23,868;51,457;
2021-05-24;10:45:54;1;2,985;1034,94;1015,28;1313,012;18,79572;1;429099;8,382;8,322;8,305;31,811;24,295;50,967;
2021-05-24;10:46:54;1;0,428;1034,24;1014,53;1315,1;18,792873;1;429159;8,346;8,28;8,269;32,529;24,744;50,411;
2021-05-24;10:47:54;1;2,987;1033,55;1013,93;1308,837;18,795033;1;429219;8,002;7,934;7,928;33,23;25,212;49,82;
2021-05-24;10:48:54;1;0,43;1032,9;1013,42;1305,175;18,792677;1;429279;7,665;7,596;7,595;33,91;25,656;49,181;
2021-05-24;10:49:54;1;0,43;1032,31;1012,88;1051,287;18,859034;1;429339;6,66;6,596;6,599;34,058;26,126;48,514;
2021-05-24;10:50:54;1;0,431;1031,53;1012,16;920,725;18,893882;1;429399;5,493;5,437;5,443;34,021;26,559;47,826;
2021-05-24;10:51:54;1;0,432;1030,78;1011,5;831,487;18,916753;1;429459;5,219;5,162;5,171;34,016;26,951;47,178;
2021-05-24;10:52:54;1;0,432;1030,1;1010,85;755,85;18,933834;1;429519;6,176;6,105;6,119;34,011;27,321;46,605;
2021-05-24;10:53:54;1;0,433;1029,53;1010,25;708,975;18,951699;1;429579;6,925;6,841;6,861;34,01;27,663;46,046;
2021-05-24;10:54:54;1;0,433;1029,1;1009,74;657,7;18,959356;1;429639;6,963;6,875;6,899;34,008;27,959;45,535;
2021-05-24;10:55:54;1;0,433;1028,7;1009,3;627,175;18,969663;1;429699;7,146;7,053;7,08;34,004;28,254;45,085;
2021-05-24;10:56:54;1;2,991;1028,27;1008,97;596,762;18,978399;1;429759;6,776;6,685;6,713;34,005;28,508;44,663;
2021-05-24;10:57:54;1;0,434;1028;1008,72;567,875;18,982227;1;429819;6,378;6,291;6,319;34,003;28,725;44,28;
2021-05-24;10:58:54;1;2,991;1027,82;1008,5;553,637;18,990375;1;429879;6,351;6,263;6,293;34;28,938;43,911;
2021-05-24;10:59:54;1;0,434;1027,62;1008,29;516,912;18,994595;1;429939;6,298;6,21;6,24;34,004;29,126;43,581;
2021-05-24;11:00:54;1;2,991;1027,43;1008,1;503,15;19,000583;1;429999;6,197;6,109;6,14;34,005;29,312;43,286;
2021-05-24;11:01:54;1;0,435;1027,4;1007,95;487,437;19,001369;1;430059;6,012;5,926;5,957;34,001;29,479;42,989;
2021-05-24;11:02:54;1;2,992;1027,27;1007,87;478,112;19,007847;1;430119;5,952;5,866;5,897;34,005;29,626;42,729;
2021-05-24;11:03:54;1;0,435;1027,09;1007,79;469,237;19,008829;1;430179;5,96;5,873;5,905;34,003;29,769;42,517;
2021-05-24;11:04:54;1;0,436;1026,97;1007,69;457,962;19,010596;1;430239;6,035;5,947;5,979;33,999;29,907;42,294;
2021-05-24;11:05:54;1;0,436;1026,89;1007,61;442,075;19,014522;1;430299;6,143;6,053;6,086;34,001;30,029;42,08;
2021-05-24;11:06:54;1;0,436;1026,83;1007,52;432,712;19,017271;1;430359;6,118;6,028;6,062;34,004;30,139;41,89;
2021-05-24;11:07:54;1;0,436;1026,78;1007,42;430,562;19,020903;1;430419;6,049;5,959;5,993;33,999;30,248;41,709;
2021-05-24;11:08:54;1;0,437;1026,75;1007,36;419,487;19,021001;1;430479;6,058;5,968;6,002;34,001;30,351;41,535;
2021-05-24;11:09:54;1;0,437;1026,68;1007,35;412,137;19,024829;1;430539;5,996;5,906;5,941;34,001;30,442;41,375;
2021-05-24;11:10:54;1;0,437;1026,62;1007,33;406,1;19,025124;1;430599;5,722;5,636;5,669;33,999;30,542;41,22;
2021-05-24;11:11:54;1;2,994;1026,53;1007,35;388,175;19,026694;1;430659;5,603;5,519;5,552;34,001;30,625;41,093;
2021-05-24;11:12:54;1;0,437;1026,42;1007,36;391,175;19,028854;1;430719;5,469;5,387;5,419;34,005;30,702;40,972;
2021-05-24;11:13:54;1;2,994;1026,37;1007,35;392,337;19,029148;1;430779;5,503;5,421;5,453;33,997;30,776;40,857;
2021-05-24;11:14:54;1;0,438;1026,36;1007,35;392,675;19,029148;1;430839;5,583;5,499;5,531;33,997;30,831;40,76;
2021-05-24;11:15:54;1;2,994;1026,37;1007,34;374,875;19,033467;1;430899;5,571;5,488;5,52;34,002;30,893;40,65;
2021-05-24;11:16:54;1;0,438;1026,36;1007,34;384,775;19,029639;1;430959;5,327;5,247;5,278;33,997;30,954;40,543;
2021-05-24;11:17:54;1;0,438;1026,35;1007,32;372,225;19,037296;1;431019;5,582;5,497;5,53;34,003;31,011;40,459;
2021-05-24;11:18:54;1;0,438;1026,36;1007,28;361,85;19,034744;1;431079;5,585;5,501;5,534;34;31,063;40,368;
2021-05-24;11:19:54;1;0,438;1026,34;1007,25;367,175;19,035529;1;431139;5,626;5,541;5,574;33,998;31,118;40,303;
2021-05-24;11:20:54;1;0,438;1026,37;1007,16;361,075;19,039063;1;431199;5,569;5,484;5,518;33,997;31,156;40,218;
2021-05-24;11:21:54;1;0,438;1026,36;1007,14;345,537;19,039357;1;431259;5,906;5,816;5,852;34,006;31,201;40,155;
2021-05-24;11:22:54;1;0,438;1026,38;1007,12;349,25;19,039946;1;431319;5,894;5,804;5,84;34,001;31,254;40,094;
2021-05-24;11:23:54;1;0,438;1026,33;1007,14;349,887;19,037688;1;431379;5,983;5,892;5,928;33,998;31,293;40,021;
2021-05-24;11:24:54;1;2,995;1026,28;1007,18;348,262;19,041615;1;431439;6,17;6,077;6,113;34;31,322;39,967;
2021-05-24;11:25:54;1;0,439;1026,23;1007,16;344,137;19,041026;1;431499;6,118;6,025;6,062;34,002;31,36;39,921;
2021-05-24;11:26:54;1;2,995;1026,17;1007,15;335,8;19,041222;1;431559;6,051;5,959;5,996;34,001;31,402;39,879;
2021-05-24;11:27:54;1;0,439;1026,2;1007,1;336,612;19,042989;1;431619;6,162;6,068;6,105;34,004;31,434;39,842;
2021-05-24;11:28:54;1;2,995;1026,19;1007,08;334,387;19,042204;1;431679;6,303;6,207;6,245;33,996;31,465;39,792;
2021-05-24;11:29:54;1;0,439;1026,11;1007,09;333,05;19,042695;1;431739;6,195;6,1;6,138;34;31,498;39,766;
2021-05-24;11:30:54;1;0,439;1026,14;1007,1;337,912;19,043186;1;431799;6,231;6,136;6,174;33,997;31,543;39,717;
2021-05-24;11:31:54;1;0,439;1026,13;1007,11;325,45;19,045051;1;431859;6,244;6,149;6,186;34,004;31,56;39,678;
2021-05-24;11:32:54;1;0,44;1026,11;1007,11;333,937;19,043971;1;431919;6,222;6,127;6,165;34;31,579;39,643;
2021-05-24;11:33:54;1;0,439;1026,1;1007,14;332,112;19,043087;1;431979;6,188;6,094;6,131;34;31,614;39,61;
2021-05-24;11:34:54;1;0,439;1026,1;1007,14;330,162;19,043185;1;432039;6,282;6,187;6,224;34;31,63;39,595;
2021-05-24;11:35:54;1;0,44;1026,08;1007,17;324,787;19,048977;1;432099;6,284;6,189;6,226;34,003;31,657;39,548;
2021-05-24;11:36:54;1;0,439;1026,1;1007,18;323,025;19,045738;1;432159;6,212;6,118;6,155;34,001;31,682;39,527;
2021-05-24;11:37:54;1;2,996;1026,07;1007,21;314,612;19,047505;1;432219;6,137;6,044;6,08;33,998;31,704;39,502;
2021-05-24;11:38:54;1;0,44;1026,07;1007,19;316,25;19,045444;1;432279;6,155;6,062;6,098;33,999;31,724;39,468;
2021-05-24;11:39:54;1;2,996;1026,08;1007,19;318,15;19,048781;1;432339;6,233;6,139;6,176;34,002;31,739;39,456;
2021-05-24;11:40:54;1;0,44;1026,06;1007,16;321,987;19,045443;1;432399;6,192;6,098;6,135;33,996;31,758;39,401;
2021-05-24;11:41:54;1;2,996;1026,01;1007,16;315,625;19,048879;1;432459;6,164;6,071;6,107;33,998;31,78;39,386;
2021-05-24;11:42:54;1;0,44;1026,02;1007,18;310,875;19,04829;1;432519;6,17;6,076;6,113;33,999;31,79;39,344;
2021-05-24;11:43:54;1;2,997;1026,01;1007,15;319,625;19,047308;1;432579;6,145;6,052;6,089;33,999;31,818;39,31;
2021-05-24;11:44:54;1;0,44;1025,98;1007,15;311,012;19,049369;1;432639;6,299;6,203;6,241;33,997;31,84;39,285;
2021-05-24;11:45:54;1;0,44;1025,98;1007,16;306,75;19,049664;1;432699;6,219;6,124;6,161;34;31,845;39,269;
2021-05-24;11:46:54;1;0,44;1025,98;1007,18;312,275;19,049173;1;432759;6,225;6,131;6,168;34,002;31,861;39,21;
2021-05-24;11:47:54;1;0,441;1025,98;1007,2;311,362;19,050548;1;432819;6,07;5,978;6,014;34,001;31,872;39,205;
2021-05-24;11:48:54;1;0,44;1025,96;1007,19;309,937;19,049075;1;432879;6,037;5,946;5,981;33,999;31,889;39,153;
2021-05-24;11:49:54;1;0,44;1025,95;1007,19;307,8;19,049272;1;432939;6,277;6,182;6,219;33,997;31,914;39,142;
2021-05-24;11:50:54;1;0,44;1025,94;1007,18;302,812;19,050842;1;432999;6,266;6,171;6,208;33,995;31,914;39,128;
2021-05-24;11:51:54;1;0,44;1025,92;1007,23;306,425;19,04937;1;433059;6,262;6,168;6,204;34,001;31,93;39,107;
2021-05-24;11:52:54;1;2,997;1025,9;1007,21;299,125;19,051726;1;433119;6,073;5,981;6,017;34,001;31,952;39,092;
2021-05-24;11:53:54;1;0,441;1025,86;1007,2;310,65;19,051039;1;433179;6,139;6,046;6,083;33,996;31,965;39,087;
2021-05-24;11:54:54;1;2,997;1025,86;1007,18;304,225;19,052216;1;433239;6,196;6,102;6,139;34,001;31,972;39,061;
2021-05-24;11:55:54;1;0,441;1025,83;1007,16;304,387;19,051628;1;433299;6,014;5,923;5,959;34;31,986;39,052;
2021-05-24;11:56:54;1;2,997;1025,81;1007,12;306,837;19,052413;1;433359;6,033;5,941;5,977;33,997;31,992;39,039;
2021-05-24;11:57:54;1;0,441;1025,86;1007,09;287,6;19,050843;1;433419;6,16;6,066;6,103;33,998;32,003;39,03;
2021-05-24;11:58:54;1;0,441;1025,84;1007,06;302,15;19,051824;1;433479;6,051;5,959;5,995;33,997;32,02;39,032;
2021-05-24;11:59:54;1;0,441;1025,83;1007,04;303;19,0531;1;433539;6,216;6,121;6,159;34,002;32,031;39,026;
2021-05-24;12:00:54;1;0,441;1025,83;1007,02;300,712;19,051922;1;433599;6,022;5,93;5,967;34,002;32,036;39,03;
2021-05-24;12:01:54;1;0,441;1025,81;1007;289,675;19,053198;1;433659;6,105;6,011;6,049;34;32,049;39,005;
2021-05-24;12:02:54;1;0,441;1025,81;1006,98;300,5;19,053983;1;433719;6,013;5,92;5,957;34;32,058;39,012;
2021-05-24;12:03:54;1;0,441;1025,78;1006,97;294,325;19,054572;1;433779;6,179;6,084;6,122;33,996;32,068;38,983;
2021-05-24;12:04:54;1;0,441;1025,76;1006,95;293,662;19,05202;1;433839;6,086;5,993;6,03;33,997;32,078;38,984;
2021-05-24;12:05:54;1;2,997;1025,76;1006,91;293,737;19,053688;1;433899;5,974;5,882;5,919;34,003;32,094;38,969;
2021-05-24;12:06:54;1;0,441;1025,77;1006,89;292,337;19,055456;1;433959;6,188;6,093;6,131;34,003;32,099;38,959;
2021-05-24;12:07:54;1;2,997;1025,74;1006,89;293,637;19,052904;1;434019;6,206;6,11;6,149;34;32,108;38,954;
2021-05-24;12:08:54;1;0,441;1025,69;1006,86;291,3;19,054572;1;434079;6,161;6,065;6,104;34,003;32,116;38,954;
2021-05-24;12:09:54;1;2,998;1025,7;1006,85;292,912;19,055358;1;434139;6,031;5,938;5,976;34,004;32,122;38,941;
2021-05-24;12:10:54;1;0,441;1025,66;1006,84;297,362;19,054278;1;434199;6,114;6,02;6,058;34,002;32,136;38,943;
2021-05-24;12:11:54;1;0,441;1025,65;1006,84;301,712;19,051529;1;434259;6,104;6,009;6,048;33,995;32,144;38,913;
2021-05-24;12:12:54;1;0,442;1025,66;1006,82;297,825;19,054278;1;434319;6,091;5,997;6,034;33,998;32,151;38,921;
2021-05-24;12:13:54;1;0,441;1025,65;1006,83;295,837;19,052805;1;434379;6,221;6,125;6,164;33,998;32,166;38,916;
2021-05-24;12:14:54;1;0,441;1025,59;1006,83;287,212;19,054081;1;434439;6,045;5,952;5,989;33,999;32,172;38,913;
2021-05-24;12:15:54;1;0,442;1025,62;1006,8;295,025;19,053885;1;434499;6,118;6,023;6,062;33,999;32,183;38,911;
2021-05-24;12:16:54;1;0,441;1025,58;1006,78;292,725;19,055063;1;434559;6,179;6,083;6,122;33,996;32,191;38,902;
2021-05-24;12:17:54;1;0,441;1025,57;1006,79;293,637;19,05467;1;434619;6,352;6,254;6,294;34,001;32,207;38,917;
2021-05-24;12:18:54;1;2,998;1025,6;1006,75;284,9;19,056241;1;434679;6,175;6,079;6,118;34,001;32,196;38,885;
2021-05-24;12:19:54;1;0,441;1025,56;1006,75;293;19,056536;1;434739;6,283;6,185;6,225;34;32,211;38,904;
2021-05-24;12:20:54;1;2,998;1025,57;1006,74;285,012;19,057812;1;434799;6,238;6,141;6,18;34,002;32,224;38,868;
2021-05-24;12:21:54;1;0,441;1025,57;1006,76;289,525;19,056339;1;434859;6,116;6,021;6,06;33,997;32,233;38,893;
2021-05-24;12:22:54;1;2,998;1025,56;1006,74;285,462;19,058008;1;434919;6,245;6,148;6,188;34,002;32,241;38,846;
2021-05-24;12:23:54;1;0,442;1025,53;1006,77;279,95;19,057321;1;434979;6,201;6,105;6,144;34,001;32,233;38,876;
2021-05-24;12:24:54;1;2,998;1025,56;1006,76;283,862;19,056339;1;435039;6,187;6,091;6,13;33,999;32,245;38,874;
2021-05-24;12:25:54;1;0,441;1025,53;1006,74;293,125;19,055652;1;435099;6,272;6,174;6,214;33,995;32,254;38,824;
2021-05-24;12:26:54;1;0,441;1025,51;1006,72;287,462;19,055063;1;435159;6,205;6,108;6,148;33,998;32,251;38,837;
2021-05-24;12:27:54;1;0,441;1025,54;1006,71;283,65;19,057223;1;435219;6,343;6,244;6,284;34,003;32,275;38,853;
2021-05-24;12:28:54;1;0,442;1025,52;1006,69;289,85;19,057124;1;435279;6,29;6,192;6,232;34;32,272;38,836;
2021-05-24;12:29:54;1;0,442;1025,52;1006,71;288,312;19,058204;1;435339;6,311;6,213;6,253;33,998;32,286;38,844;
2021-05-24;12:30:54;1;0,441;1025,51;1006,68;287,725;19,056928;1;435399;6,473;6,372;6,413;34;32,306;38,849;
2021-05-24;12:31:54;1;0,442;1025,46;1006,66;287,425;19,055947;1;435459;6,199;6,102;6,142;33,997;32,296;38,832;
2021-05-24;12:32:54;1;0,441;1025,46;1006,62;285,487;19,05791;1;435519;6,256;6,158;6,198;33,996;32,298;38,819;
2021-05-24;12:33:54;1;2,998;1025,43;1006,6;279,812;19,057419;1;435579;6,249;6,151;6,191;34,001;32,331;38,832;
2021-05-24;12:34:54;1;0,442;1025,4;1006,56;284,875;19,058204;1;435639;6,259;6,16;6,201;33,994;32,327;38,848;
2021-05-24;12:35:54;1;2,998;1025,36;1006,53;279,275;19,059186;1;435699;6,288;6,189;6,23;34,001;32,331;38,829;
2021-05-24;12:36:54;1;0,442;1025,35;1006,54;275,65;19,056536;1;435759;6,397;6,296;6,338;33,997;32,329;38,795;
2021-05-24;12:37:54;1;2,998;1025,34;1006,54;281,75;19,058106;1;435819;6,286;6,187;6,228;34;32,333;38,819;
2021-05-26;10:22:23;3;0,413;1020,9;1001,21;1325,487;18,849414;1;435935;7,86;7,695;7,788;24,619;21,507;52,175;
2021-05-26;10:23:23;3;0,415;1023,32;1003,66;1332,15;18,851475;1;435995;6,971;6,842;6,907;25,856;21,635;53,134;
2021-05-26;10:24:23;3;0,418;1024,39;1004,74;1313,137;18,848236;1;436055;7,716;7,58;7,644;26,85;21,823;53,859;
2021-05-26;10:25:23;3;0,42;1024,57;1004,93;1311,825;18,845586;1;436115;8,583;8,434;8,504;27,753;22,098;54,179;
2021-05-26;10:26:23;3;0,422;1024,44;1004,88;1308,287;18,842641;1;436175;9,535;9,369;9,447;28,607;22,418;54,543;
2021-05-26;10:27:23;3;0,423;1023,91;1004,45;1311,512;18,840285;1;436235;8,967;8,808;8,885;29,429;22,777;54,438;
2021-05-26;10:28:23;3;2,982;1023,48;1004;1317,1;18,840482;1;436295;8,803;8,643;8,722;30,208;23,176;54,136;
2021-05-26;10:29:23;3;0,426;1022,99;1003,52;1312,15;18,842249;1;436355;8,638;8,477;8,559;30,962;23,59;53,703;
2021-05-26;10:30:23;3;2,984;1022,58;1003,12;1308,6;18,840384;1;436415;9,13;8,956;9,046;31,698;24,019;53,306;
2021-05-26;10:31:23;3;0,427;1022,21;1002,73;1308,725;18,841267;1;436475;8,736;8,566;8,656;32,41;24,468;52,798;
2021-05-26;10:32:23;3;2,986;1021,87;1002,33;1306,412;18,837929;1;436535;8,563;8,393;8,484;33,102;24,923;52,125;
2021-05-26;10:33:23;3;0,429;1021,62;1002,01;1308,325;18,836849;1;436595;8,697;8,521;8,617;33,777;25,382;51,436;
2021-05-26;10:34:23;3;2,987;1021,13;1001,72;1096,612;18,888777;1;436655;7,775;7,616;7,704;34,108;25,848;50,726;
2021-05-26;10:35:23;3;0,43;1020,64;1001,21;952,637;18,915968;1;436715;6,61;6,471;6,549;34,02;26,286;49,999;
2021-05-26;10:36:23;3;0,43;1020,02;1000,65;854,375;18,937269;1;436775;5,609;5,488;5,557;34,014;26,699;49,348;
2021-05-26;10:37:23;3;0,431;1019,51;1000,15;781,725;18,956116;1;436835;6,015;5,882;5,96;34,01;27,061;48,733;
2021-05-26;10:38:23;3;0,432;1019,05;999,72;706,112;18,965932;1;436895;7,215;7,053;7,148;34,01;27,397;48,163;
2021-05-26;10:39:23;3;0,432;1018,59;999,33;683,525;18,978988;1;436955;7,728;7,552;7,657;34,003;27,707;47,666;
2021-05-26;10:40:23;3;0,433;1018,28;999,06;620,85;18,984975;1;437015;7,72;7,542;7,649;34,008;27,99;47,229;
2021-05-26;10:41:23;3;0,433;1018,08;998,84;595,837;18,992141;1;437075;7,804;7,622;7,732;34,006;28,241;46,809;
2021-05-26;10:42:23;3;0,433;1017,89;998,6;578,5;18,998032;1;437135;7,356;7,183;7,288;34,004;28,483;46,435;
2021-05-26;10:43:23;3;2,991;1017,62;998,36;568,212;19,004805;1;437195;6,84;6,678;6,777;34,002;28,696;46,09;
2021-05-26;10:44:23;3;0,434;1017,49;998,21;528,175;19,007553;1;437255;6,643;6,484;6,582;34,005;28,889;45,761;
2021-05-26;10:45:23;3;2,991;1017,43;998,1;514,2;19,012755;1;437315;6,685;6,525;6,624;34,004;29,073;45,459;
2021-05-26;10:46:23;3;0,434;1017,33;998,05;500,412;19,01413;1;437375;7,17;6,997;7,104;33,998;29,247;45,195;
2021-05-26;10:47:23;3;2,991;1017,21;997,99;488,537;19,02316;1;437435;6,86;6,695;6,797;34,005;29,398;44,938;
2021-05-26;10:48:23;3;0,434;1017,13;997,94;477,437;19,021197;1;437495;6,691;6,529;6,629;33,999;29,548;44,7;
2021-05-26;10:49:23;3;0,435;1017,23;997,88;467,45;19,030032;1;437555;6,884;6,717;6,821;34,003;29,683;44,493;
2021-05-26;10:50:23;3;0,435;1017,14;997,85;438,45;19,02856;1;437615;6,703;6,541;6,642;34,003;29,81;44,297;
2021-05-26;10:51:23;3;0,435;1017,09;997,86;459,487;19,024633;1;437675;6,825;6,66;6,762;33,996;29,924;44,117;
2021-05-26;10:52:23;3;0,435;1016,99;997,84;435,137;19,033369;1;437735;6,769;6,605;6,706;34,003;30,038;43,935;
2021-05-26;10:53:23;3;0,436;1016,94;997,85;423,437;19,032977;1;437795;6,759;6,595;6,697;33,998;30,127;43,765;
2021-05-26;10:54:23;3;0,436;1016,93;997,83;422,025;19,034842;1;437855;6,621;6,46;6,56;33,998;30,223;43,614;
2021-05-26;10:55:23;3;0,436;1016,93;997,8;408,937;19,039063;1;437915;6,47;6,313;6,411;34,002;30,31;43,483;
2021-05-26;10:56:23;3;2,993;1016,9;997,73;407,5;19,038572;1;437975;6,53;6,371;6,47;34,003;30,41;43,375;
2021-05-26;10:57:23;3;0,436;1016,87;997,69;394,412;19,038572;1;438035;6,595;6,434;6,534;34,001;30,476;43,224;
2021-05-26;10:58:23;3;2,993;1016,85;997,67;397,537;19,038474;1;438095;6,892;6,723;6,828;33,996;30,548;43,127;
2021-05-26;10:59:23;3;0,437;1016,79;997,7;392,287;19,04721;1;438155;6,417;6,26;6,358;34,001;30,619;43,015;
2021-05-26;11:00:23;3;2,994;1016,7;997,67;385,7;19,044854;1;438215;6,446;6,288;6,386;34,003;30,684;42,904;
2021-05-26;11:01:23;3;0,437;1016,64;997,66;376,912;19,046621;1;438275;6,273;6,12;6,215;34,004;30,744;42,821;
2021-05-26;11:02:23;3;0,437;1016,57;997,67;380,35;19,04613;1;438335;6,332;6,177;6,274;34;30,786;42,707;
2021-05-26;11:03:23;3;0,437;1016,53;997,69;370,887;19,043971;1;438395;6,253;6,1;6,195;33,999;30,852;42,634;
2021-05-26;11:04:23;3;0,438;1016,53;997,66;380,262;19,044953;1;438455;6,056;5,908;6;33,998;30,902;42,54;
2021-05-26;11:05:23;3;0,438;1016,51;997,71;372,925;19,046032;1;438515;5,92;5,775;5,865;33,993;30,945;42,473;
2021-05-26;11:06:23;3;0,438;1016,54;997,66;368,137;19,051137;1;438575;6,401;6,245;6,342;34;30,994;42,389;
2021-05-26;11:07:23;3;0,438;1016,56;997,65;364,35;19,048683;1;438635;6,665;6,501;6,603;34,001;31,047;42,325;
2021-05-26;11:08:23;3;0,438;1016,51;997,67;368,662;19,050057;1;438695;6,321;6,166;6,263;33,997;31,093;42,25;
2021-05-26;11:09:23;3;2,994;1016,53;997,63;360,187;19,052609;1;438755;6,542;6,382;6,482;33,997;31,124;42,177;
2021-05-26;11:10:23;3;0,438;1016,53;997,61;348,025;19,048781;1;438815;6,858;6,69;6,795;34,002;31,164;42,105;
2021-05-26;11:11:23;3;2,995;1016,51;997,59;348,2;19,051137;1;438875;6,666;6,503;6,605;34;31,189;42,052;
2021-05-26;11:12:23;3;0,438;1016,56;997,53;344,425;19,052707;1;438935;6,925;6,755;6,862;33,998;31,228;41,986;
2021-05-26;11:13:23;3;2,994;1016,56;997,54;353,237;19,051333;1;438995;6,668;6,504;6,607;34;31,27;41,935;
2021-05-26;11:14:23;3;0,438;1016,55;997,57;348,175;19,051725;1;439055;6,764;6,598;6,702;33,998;31,297;41,875;
2021-05-26;11:15:23;3;2,995;1016,54;997,56;327,725;19,053394;1;439115;6,794;6,627;6,731;34;31,326;41,828;
2021-05-26;11:16:23;3;0,438;1016,49;997,56;330,05;19,055554;1;439175;6,978;6,807;6,914;34,003;31,357;41,771;
2021-05-26;11:17:23;3;0,438;1016,48;997,6;329,2;19,053002;1;439235;7,23;7,052;7,163;34;31,387;41,721;
2021-05-26;11:18:23;3;0,438;1016,5;997,63;326,362;19,053591;1;439295;6,851;6,683;6,788;33,999;31,418;41,708;
2021-05-26;11:19:23;3;0,438;1016,48;997,61;326,462;19,05634;1;439355;7,206;7,03;7,14;34,001;31,454;41,659;
2021-05-26;11:20:23;3;0,438;1016,48;997,59;335,675;19,057714;1;439415;6,918;6,748;6,854;34;31,474;41,638;
2021-05-26;11:21:23;3;0,439;1016,51;997,59;329,912;19,057026;1;439475;6,992;6,821;6,928;34,002;31,497;41,58;
2021-05-26;11:22:23;3;0,439;1016,52;997,61;330,875;19,058891;1;439535;6,44;6,282;6,381;34,003;31,519;41,523;
2021-05-26;11:23:23;3;0,439;1016,49;997,63;328,137;19,056732;1;439595;7,079;6,906;7,014;34;31,542;41,505;
2021-05-26;11:24:23;3;2,995;1016,49;997,62;329,775;19,059088;1;439655;6,967;6,796;6,903;34,001;31,564;41,468;
2021-05-26;11:25:23;3;0,439;1016,47;997,64;325,35;19,056045;1;439715;7,146;6,971;7,08;34,001;31,583;41,42;
2021-05-26;11:26:23;3;2,995;1016,47;997,68;317,262;19,057124;1;439775;7,011;6,84;6,946;34;31,607;41,392;
2021-05-26;11:27:23;3;0,439;1016,46;997,7;321,837;19,056339;1;439835;7,509;7,325;7,44;33,998;31,621;41,354;
2021-05-26;11:28:23;3;2,995;1016,46;997,72;314,537;19,059873;1;439895;7,051;6,879;6,986;34;31,657;41,341;
2021-05-26;11:29:23;3;0,439;1016,44;997,75;319,262;19,058401;1;439955;7,232;7,055;7,165;34,004;31,673;41,277;
2021-05-26;11:30:23;3;0,439;1016,48;997,7;319,587;19,059284;1;440015;7,166;6,991;7,1;34,003;31,693;41,265;
2021-05-26;11:31:23;3;0,439;1016,47;997,71;321,425;19,058106;1;440075;7,139;6,965;7,073;34,001;31,706;41,206;
2021-05-26;11:32:23;3;0,439;1016,51;997,75;322,525;19,056437;1;440135;7,171;6,996;7,105;33,994;31,716;41,161;
2021-05-26;11:33:23;3;0,44;1016,47;997,73;304,3;19,060364;1;440195;7,082;6,909;7,017;34,002;31,723;41,142;
2021-05-26;11:34:23;3;0,44;1016,5;997,76;317,962;19,059382;1;440255;7,009;6,838;6,944;34,001;31,754;41,102;
2021-05-26;11:35:23;3;0,439;1016,53;997,77;317,025;19,062425;1;440315;7,205;7,03;7,138;33,997;31,769;41,08;
2021-05-26;11:36:23;3;0,439;1016,57;997,81;310,5;19,060364;1;440375;6,954;6,785;6,89;34,001;31,781;41,048;
2021-05-26;11:37:23;3;2,996;1016,62;997,82;313,037;19,061836;1;440435;7,112;6,939;7,047;33,996;31,793;41,009;
2021-05-26;11:38:23;3;0,44;1016,62;997,9;315,462;19,060757;1;440495;7,164;6,991;7,098;33,998;31,81;40,984;
2021-05-26;11:39:23;3;2,996;1016,62;997,87;313,687;19,059971;1;440555;6,96;6,791;6,896;34,002;31,823;40,965;
2021-05-26;11:40:23;3;0,44;1016,62;997,9;311,062;19,059088;1;440615;7,031;6,861;6,966;33,999;31,833;40,957;
2021-05-26;11:41:23;3;2,996;1016,6;997,88;312,025;19,061051;1;440675;7,206;7,031;7,14;33,998;31,848;40,932;
2021-05-26;11:42:23;3;0,44;1016,56;997,94;307,737;19,060855;1;440735;7,083;6,912;7,018;33,998;31,867;40,894;
2021-05-26;11:43:23;3;0,44;1016,52;997,94;305,962;19,061346;1;440795;7,105;6,933;7,039;33,999;31,876;40,891;
2021-05-26;11:44:23;3;0,44;1016,53;997,91;298,887;19,060266;1;440855;7,43;7,25;7,361;34;31,885;40,886;
2021-05-26;11:45:23;3;0,44;1016,52;997,96;305,762;19,062818;1;440915;7,119;6,947;7,054;34;31,902;40,84;
2021-05-26;11:46:23;3;0,44;1016,55;997,97;303,825;19,062622;1;440975;6,943;6,775;6,879;33,996;31,916;40,836;
2021-05-26;11:47:23;3;0,44;1016,52;997,99;302,212;19,060953;1;441035;6,969;6,801;6,905;34,003;31,934;40,838;
2021-05-26;11:48:23;3;0,44;1016,54;997,96;304,537;19,061738;1;441095;7,003;6,834;6,939;34,002;31,945;40,825;
2021-05-26;11:49:23;3;0,44;1016,57;997,92;292,212;19,060953;1;441155;6,76;6,597;6,698;34;31,959;40,79;
2021-05-26;11:50:23;3;2,997;1016,54;997,94;284,325;19,062425;1;441215;7,019;6,849;6,954;33,999;31,965;40,787;
2021-05-26;11:51:23;3;0,44;1016,58;997,93;305,162;19,061836;1;441275;7,264;7,088;7,197;34,001;31,981;40,769;
2021-05-26;11:52:23;3;2,997;1016,57;997,9;302,15;19,062426;1;441335;7,173;6,999;7,107;34,002;31,984;40,769;
2021-05-26;11:53:23;3;0,441;1016,57;997,9;300,287;19,063015;1;441395;7,186;7,012;7,12;34;32,01;40,768;
2021-05-26;11:54:23;3;2,997;1016,56;997,88;301,75;19,062327;1;441455;7,207;7,033;7,141;33,999;32,016;40,736;
2021-05-26;11:55:23;3;0,44;1016,57;997,9;295,687;19,063701;1;441515;7,189;7,015;7,123;33,996;32,018;40,706;
2021-05-26;11:56:23;3;2,997;1016,57;997,87;301,587;19,062818;1;441575;7,1;6,927;7,034;33,997;32,018;40,706;
2021-05-26;11:57:23;3;0,441;1016,57;997,87;297,387;19,064094;1;441635;7,261;7,085;7,194;34,002;32,038;40,708;
2021-05-26;11:58:23;3;0,441;1016,54;997,86;291,925;19,065665;1;441695;7,203;7,028;7,136;34,002;32,038;40,702;
2021-05-26;11:59:23;3;0,441;1016,56;997,83;299,362;19,063211;1;441755;7,314;7,136;7,247;33,998;32,05;40,663;
2021-05-26;12:00:23;3;0,441;1016,52;997,8;294,437;19,065567;1;441815;7,26;7,083;7,193;34,001;32,062;40,654;
2021-05-26;12:01:23;3;0,441;1016,51;997,81;299,337;19,06272;1;441875;7,2;7,025;7,134;33,998;32,069;40,651;
2021-05-26;12:02:23;3;0,441;1016,54;997,82;300,637;19,062916;1;441935;7,231;7,055;7,164;33,998;32,091;40,63;
2021-05-26;12:03:23;3;0,441;1016,53;997,84;303,15;19,065468;1;441995;7,363;7,184;7,295;33,996;32,105;40,635;
2021-05-26;12:04:23;3;0,441;1016,51;997,8;294,8;19,064585;1;442055;7,157;6,983;7,091;34,003;32,094;40,624;
2021-05-26;12:05:23;3;2,997;1016,53;997,82;291,2;19,065861;1;442115;7,306;7,129;7,239;34,002;32,099;40,594;
2021-05-26;12:06:23;3;0,441;1016,52;997,82;296,225;19,066155;1;442175;7,488;7,306;7,418;33,998;32,112;40,583;
2021-05-26;12:07:23;3;2,997;1016,53;997,83;291,187;19,066646;1;442235;7,233;7,057;7,166;33,996;32,122;40,584;
2021-05-26;12:08:23;3;0,441;1016,53;997,83;294,675;19,065174;1;442295;7,081;6,909;7,016;33,998;32,128;40,567;
2021-05-26;12:09:23;3;2,998;1016,58;997,87;294,325;19,065959;1;442355;7,046;6,875;6,98;34,001;32,155;40,557;
2021-05-26;12:10:23;3;0,441;1016,52;997,85;284,112;19,064781;1;442415;7,147;6,974;7,081;33,996;32,16;40,541;
2021-05-26;12:11:23;3;0,441;1016,54;997,81;294,687;19,062916;1;442475;7,268;7,092;7,201;33,996;32,162;40,534;
2021-05-26;12:12:23;3;0,441;1016,54;997,84;283,175;19,066254;1;442535;7,198;7,023;7,132;34,004;32,155;40,523;
2021-05-26;12:13:23;3;0,441;1016,55;997,84;293,412;19,063996;1;442595;6,89;6,722;6,826;33,997;32,161;40,524;
2021-05-26;12:14:23;3;0,441;1016,53;997,83;293,937;19,065272;1;442655;7,043;6,872;6,978;33,998;32,167;40,511;
2021-05-26;12:15:23;3;0,441;1016,5;997,86;292,25;19,065763;1;442715;7,484;7,302;7,415;33,998;32,178;40,503;
2021-05-26;12:16:23;3;0,441;1016,51;997,87;288,787;19,068217;1;442775;7,345;7,167;7,278;34,002;32,184;40,47;
2021-05-26;12:17:23;3;0,441;1016,55;997,86;287,487;19,067628;1;442835;7,414;7,234;7,346;34,002;32,189;40,463;
2021-05-26;12:18:23;3;2,998;1016,53;997,87;292,7;19,063505;1;442895;7,529;7,346;7,46;33,997;32,195;40,467;
2021-05-26;12:19:23;3;0,441;1016,5;997,89;288,987;19,065959;1;442955;7,238;7,063;7,171;34;32,201;40,458;
2021-05-26;12:20:23;3;2,998;1016,57;997,9;291,25;19,06429;1;443015;7,237;7,062;7,17;33,995;32,211;40,446;
2021-05-26;12:21:23;3;0,441;1016,52;997,88;288,05;19,069689;1;443075;7,219;7,044;7,153;34;32,232;40,441;
2021-05-26;12:22:23;3;2,998;1016,55;997,88;292,375;19,066352;1;443135;7,341;7,163;7,274;33,998;32,233;40,415;
2021-05-26;12:23:23;3;0,441;1016,54;997,87;288,012;19,065665;1;443195;7,36;7,182;7,292;33,997;32,219;40,407;
2021-05-26;12:24:23;3;0,441;1016,54;997,86;288,25;19,066646;1;443255;7,298;7,121;7,231;33,998;32,226;40,404;
2021-05-26;12:25:23;3;0,441;1016,5;997,86;283,85;19,067432;1;443315;7,37;7,191;7,302;34,002;32,233;40,398;
2021-05-26;12:26:23;3;0,441;1016,54;997,84;281,1;19,067628;1;443375;7,266;7,09;7,199;34,001;32,237;40,389;
2021-05-26;12:27:23;3;0,441;1016,54;997,83;283,587;19,069394;1;443435;7,317;7,139;7,25;34,001;32,242;40,389;
2021-05-26;12:28:23;3;0,441;1016,54;997,82;278,625;19,064487;1;443495;7,203;7,028;7,137;33,996;32,242;40,369;
2021-05-26;12:29:23;3;0,442;1016,54;997,81;283,487;19,068708;1;443555;7,229;7,054;7,163;34;32,251;40,36;
2021-05-26;12:30:23;3;0,442;1016,52;997,81;290,837;19,063996;1;443615;6,899;6,731;6,835;34;32,254;40,367;
2021-05-26;12:31:23;3;2,998;1016,51;997,8;276,925;19,067824;1;443675;7,217;7,041;7,151;33,999;32,265;40,344;
2021-05-26;12:32:23;3;0,441;1016,51;997,8;287,962;19,066842;1;443735;7,177;7,003;7,111;33,999;32,264;40,338;
2021-05-26;12:33:23;3;2,998;1016,5;997,79;281,387;19,065566;1;443795;7,295;7,117;7,228;34,001;32,263;40,338;
2021-05-26;12:34:23;3;0,441;1016,5;997,78;287,537;19,066352;1;443855;7,251;7,075;7,184;33,999;32,269;40,328;
2021-05-26;12:35:23;3;2,998;1016,52;997,77;282,775;19,066745;1;443915;7,275;7,098;7,208;34,002;32,266;40,328;
2021-05-26;12:36:23;3;0,442;1016,51;997,8;288,862;19,067137;1;443975;7,234;7,058;7,167;33,998;32,278;40,323;
2021-05-26;12:37:23;3;2,998;1016,51;997,84;283,25;19,068511;1;444035;7,22;7,044;7,153;33,999;32,287;40,313;
2021-05-26;12:38:23;3;0,442;1016,51;997,84;272,475;19,068708;1;444095;7,129;6,956;7,063;33,999;32,283;40,306;
2021-05-26;12:39:23;3;0,441;1016,51;997,84;280,037;19,067235;1;444155;7,071;6,899;7,006;33,997;32,3;40,305;
2021-05-26;12:40:23;3;0,442;1016,53;997,86;281,862;19,070377;1;444215;7,281;7,104;7,214;33,996;32,291;40,29;
2021-05-26;12:41:23;3;0,442;1016,53;997,87;278,462;19,06753;1;444275;7,175;7,001;7,109;34,003;32,298;40,301;
2021-05-26;12:42:23;3;0,442;1016,53;997,89;283,45;19,065469;1;444335;7,359;7,18;7,291;33,999;32,307;40,285;
2021-05-26;12:43:23;3;0,442;1016,52;997,88;279,075;19,065959;1;444395;7,195;7,021;7,129;34,001;32,303;40,275;
2021-05-26;12:44:23;3;0,442;1016,55;997,91;281,687;19,066057;1;444455;7,536;7,353;7,467;34,002;32,305;40,278;
2021-05-26;12:45:23;3;0,442;1016,56;997,92;284,3;19,064781;1;444515;7,142;6,969;7,076;33,998;32,302;40,275;
2021-05-26;12:46:23;3;2,998;1016,55;997,94;282,275;19,066155;1;444575;7,136;6,964;7,07;34,001;32,316;40,259;
2021-05-26;12:47:23;3;0,442;1016,55;997,93;286,2;19,064879;1;444635;7,195;7,021;7,129;34;32,312;40,262;
2021-05-26;12:48:23;3;2,998;1016,59;997,93;284,512;19,067137;1;444695;7,224;7,05;7,158;33,997;32,326;40,267;
2021-05-26;12:49:23;3;0,442;1016,57;997,97;280,275;19,066843;1;444755;7,44;7,26;7,371;34,001;32,321;40,263;
2021-05-26;12:50:23;3;2,998;1016,62;998,01;281,525;19,066941;1;444815;7,225;7,051;7,158;34,003;32,325;40,234;
2021-05-26;12:51:23;3;0,442;1016,6;997,99;281,187;19,067432;1;444875;7,231;7,057;7,164;33,999;32,327;40,237;
2021-05-26;12:52:23;3;0,442;1016,61;998,01;280,137;19,067137;1;444935;7,187;7,014;7,121;34;32,337;40,228;
2021-05-26;12:53:23;3;0,442;1016,62;998,03;282,112;19,065665;1;444995;7,328;7,152;7,261;33,998;32,335;40,211;
2021-05-26;12:54:23;3;0,442;1016,62;998,03;285,662;19,065272;1;445055;7,166;6,994;7,1;34;32,335;40,218;
2021-05-26;12:55:23;3;0,442;1016,63;998,06;277,625;19,067923;1;445115;7,306;7,13;7,239;34,002;32,343;40,215;
2021-05-26;12:56:23;3;0,442;1016,64;998,06;284,6;19,065469;1;445175;7,02;6,851;6,955;33,996;32,347;40,196;
2021-05-26;14:16:46;3;0,421;1016,43;997,36;1314,85;18,857169;1;445266;7,367;7,185;7,299;31,958;28,042;44,531;
2021-05-26;14:17:46;3;0,424;1018,73;999,7;1303,825;18,85815;1;445326;7,059;6,9;6,994;33,15;28,15;45,062;
2021-05-26;14:18:46;3;0,426;1020,01;1001,06;1314,387;18,854224;1;445386;8,537;8,357;8,458;34,091;28,335;45,309;
2021-05-26;14:19:46;3;0,428;1020,59;1001,52;943,362;18,935698;1;445446;8,817;8,635;8,736;34,041;28,574;45,351;
2021-05-26;14:20:46;3;0,43;1020,41;1001,38;809,212;18,962104;1;445506;9,01;8,822;8,927;34,019;28,797;45,273;
2021-05-26;14:21:46;3;0,43;1019,93;1000,99;701,437;18,986939;1;445566;8,442;8,263;8,364;34,014;29,045;45,123;
2021-05-26;14:22:46;3;2,989;1019,53;1000,53;625,212;18,999209;1;445626;7,798;7,629;7,726;34,013;29,274;44,956;
2021-05-26;14:23:46;3;0,433;1019,18;1000,11;579,637;19,012461;1;445686;7,206;7,047;7,139;34,007;29,489;44,762;
2021-05-26;14:24:46;3;2,991;1018,81;999,75;538,275;19,020118;1;445746;6,994;6,837;6,929;34,006;29,696;44,56;
2021-05-26;14:25:46;3;0,434;1018,47;999,47;502,262;19,024437;1;445806;6,896;6,74;6,833;34,007;29,876;44,341;
2021-05-26;14:26:46;3;2,991;1018,1;999,22;485,3;19,030719;1;445866;6,979;6,819;6,915;34,008;30,063;44,123;
2021-05-26;14:27:46;3;0,435;1017,86;999,03;456,825;19,037001;1;445926;7,22;7,053;7,153;34,004;30,22;43,897;
2021-05-26;14:28:46;3;2,993;1017,72;998,87;448,175;19,040437;1;445986;7,342;7,171;7,274;34,002;30,379;43,678;
2021-05-26;14:29:46;3;0,436;1017,6;998,74;430,65;19,041713;1;446046;7,365;7,193;7,297;34,004;30,519;43,477;
2021-05-26;14:30:46;3;0,437;1017,52;998,66;399,762;19,046425;1;446106;7,383;7,21;7,315;34,006;30,653;43,28;
2021-05-26;14:31:46;3;0,437;1017,47;998,56;402,437;19,046032;1;446166;7,021;6,856;6,957;34,003;30,772;43,092;
2021-05-26;14:32:46;3;0,438;1017,37;998,49;390,637;19,047897;1;446226;7,279;7,107;7,212;33,997;30,893;42,911;
2021-05-26;14:33:46;3;0,438;1017,24;998,48;371,687;19,052806;1;446286;6,743;6,583;6,681;34,005;31;42,74;
2021-05-26;14:34:46;3;0,438;1017,17;998,4;375,1;19,054769;1;446346;6,51;6,355;6,449;34,001;31,101;42,586;
2021-05-26;14:35:46;3;0,438;1017,15;998,31;358,287;19,054179;1;446406;6,819;6,657;6,756;34,004;31,192;42,42;
2021-05-26;14:36:46;3;0,438;1017,12;998,24;358,162;19,057419;1;446466;6,719;6,559;6,657;34,001;31,277;42,29;
2021-05-26;14:37:46;3;2,995;1017,04;998,19;346,5;19,056339;1;446526;6,926;6,76;6,862;33,998;31,351;42,149;
2021-05-26;14:38:46;3;0,438;1016,99;998,12;345,325;19,058695;1;446586;6,886;6,721;6,823;34,002;31,424;42,034;
2021-05-26;14:39:46;3;2,995;1016,97;998,11;346,187;19,061247;1;446646;6,79;6,627;6,727;33,997;31,498;41,916;
2021-05-26;14:40:46;3;0,439;1016,95;998,14;332,175;19,060953;1;446706;7,202;7,029;7,136;34,002;31,554;41,796;
2021-05-26;14:41:46;3;2,996;1016,93;998,07;332,425;19,061542;1;446766;7,202;7,029;7,136;33,998;31,61;41,696;
2021-05-26;14:42:46;3;0,439;1016,88;998,03;327,35;19,063505;1;446826;7,266;7,091;7,199;33,999;31,674;41,603;
2021-05-26;14:43:46;3;0,44;1016,81;998,05;320,75;19,062131;1;446886;7,436;7,257;7,367;34,001;31,717;41,514;
2021-05-26;14:44:46;3;0,44;1016,76;998,02;306,087;19,064291;1;446946;7,5;7,319;7,431;34,004;31,765;41,426;
2021-05-26;14:45:46;3;0,44;1016,75;998,01;315,875;19,062818;1;447006;7,283;7,107;7,216;34;31,797;41,356;
2021-05-26;14:46:46;3;0,44;1016,73;998;320,15;19,062818;1;447066;7,125;6,953;7,059;33,998;31,845;41,275;
2021-05-26;14:47:46;3;0,44;1016,73;998;317,837;19,062524;1;447126;7,354;7,176;7,286;33,998;31,876;41,212;
2021-05-26;14:48:46;3;0,44;1016,69;998,01;308,537;19,065272;1;447186;7,245;7,07;7,178;34;31,92;41,14;
2021-05-26;14:49:46;3;0,441;1016,71;998,02;302,125;19,0638;1;447246;7,282;7,107;7,215;34,002;31,951;41,076;
2021-05-26;14:50:46;3;2,997;1016,7;997,99;298,162;19,067137;1;447306;7,458;7,278;7,389;34,001;31,988;41,023;
2021-05-26;14:51:46;3;0,441;1016,7;998,02;304,037;19,066941;1;447366;7,377;7,199;7,31;33,999;32,014;40,966;
2021-05-26;14:52:46;3;2,997;1016,71;998,02;299,875;19,065468;1;447426;7,353;7,176;7,285;33,998;32,048;40,906;
2021-05-26;14:53:46;3;0,441;1016,71;998,01;293;19,06645;1;447486;7,316;7,14;7,249;34,001;32,071;40,852;
2021-05-26;14:54:46;3;2,997;1016,72;998;298,475;19,065763;1;447546;7,279;7,104;7,212;33,999;32,091;40,804;
2021-05-26;14:55:46;3;0,441;1016,69;997,99;293,812;19,06802;1;447606;7,373;7,195;7,305;33,998;32,128;40,754;
2021-05-26;14:56:46;3;0,441;1016,71;997,98;295,3;19,065468;1;447666;7,17;6,997;7,104;33,998;32,148;40,697;
2021-05-26;14:57:46;3;0,441;1016,69;997,96;291,212;19,067628;1;447726;7,316;7,139;7,249;33,999;32,161;40,688;
2021-05-26;14:58:46;3;0,441;1016,69;997,96;295,45;19,066941;1;447786;7,306;7,129;7,239;33,999;32,183;40,65;
2021-05-26;14:59:46;3;0,441;1016,66;997,94;285,275;19,068413;1;447846;7,397;7,218;7,329;34,001;32,197;40,605;
2021-05-26;15:00:46;3;0,441;1016,64;997,93;289,687;19,069002;1;447906;7,382;7,203;7,314;33,999;32,217;40,58;
2021-05-26;15:01:46;3;0,441;1016,63;997,94;278,925;19,067333;1;447966;7,66;7,474;7,589;34;32,234;40,555;
2021-05-26;15:02:46;3;0,441;1016,62;997,93;279,837;19,069199;1;448026;7,35;7,172;7,282;34,003;32,255;40,534;
2021-05-26;15:03:46;3;2,998;1016,6;997,92;281,687;19,068217;1;448086;7,358;7,18;7,29;34,001;32,272;40,509;
2021-05-26;15:04:46;3;0,441;1016,58;997,95;285,337;19,069689;1;448146;7,412;7,233;7,344;34,001;32,278;40,483;
2021-05-26;15:05:46;3;2,998;1016,55;997,94;288,487;19,06861;1;448206;7,348;7,171;7,281;33,998;32,297;40,452;
2021-05-26;15:06:46;3;0,442;1016,55;997,95;286,112;19,067628;1;448266;7,575;7,392;7,505;34;32,312;40,45;
2021-05-26;15:07:46;3;2,998;1016,53;997,95;283,525;19,068512;1;448326;7,491;7,31;7,422;33,998;32,323;40,428;
2021-05-26;15:08:46;3;0,442;1016,52;997,89;282,937;19,068315;1;448386;7,304;7,127;7,236;33,996;32,325;40,374;
2021-05-26;15:09:46;3;2,998;1016,48;997,93;271,825;19,070671;1;448446;7,441;7,261;7,372;34;32,343;40,379;
2021-05-26;15:10:46;3;0,442;1016,49;997,92;279,575;19,069002;1;448506;7,384;7,205;7,316;34;32,35;40,38;
2021-05-26;15:11:46;3;0,442;1016,48;997,91;273,7;19,071652;1;448566;7,507;7,325;7,438;34,004;32,362;40,358;
2021-05-26;15:12:46;3;0,442;1016,46;997,92;278,6;19,069984;1;448626;7,531;7,349;7,461;33,997;32,365;40,335;
2021-05-26;15:13:46;3;0,442;1016,43;997,88;271,587;19,070573;1;448686;7,629;7,444;7,559;34,004;32,374;40,339;
2021-05-26;15:14:46;3;0,442;1016,43;997,88;275,35;19,070082;1;448746;7,505;7,323;7,436;34,001;32,388;40,314;
2021-05-26;15:15:46;3;0,442;1016,42;997,89;273,362;19,069885;1;448806;7,434;7,254;7,366;33,998;32,392;40,274;
2021-05-26;15:16:46;3;0,442;1016,41;997,88;281,137;19,069885;1;448866;7,558;7,375;7,489;33,999;32,414;40,3;
2021-05-26;15:17:46;3;0,442;1016,4;997,9;277,137;19,069787;1;448926;7,502;7,321;7,433;33,996;32,413;40,28;
2021-05-26;15:18:46;3;2,998;1016,39;997,89;275,087;19,070867;1;448986;7,46;7,279;7,391;34,001;32,405;40,286;
2021-05-26;15:19:46;3;0,442;1016,39;997,89;271,737;19,070278;1;449046;7,573;7,39;7,503;34,002;32,418;40,28;
2021-05-26;15:20:46;3;2,998;1016,4;997,9;276,787;19,071554;1;449106;7,538;7,356;7,469;33,997;32,439;40,252;
2021-05-26;15:21:46;3;0,442;1016,4;997,88;268,75;19,073125;1;449166;7,456;7,276;7,388;34,003;32,445;40,23;
2021-05-26;15:22:46;3;2,998;1016,4;997,9;272;19,071653;1;449226;7,552;7,369;7,482;33,997;32,457;40,227;
2021-05-26;15:23:46;3;0,442;1016,42;997,92;272,8;19,071162;1;449286;7,679;7,493;7,608;34,002;32,459;40,218;
2021-05-26;15:24:46;3;0,442;1016,42;997,92;271,787;19,072732;1;449346;7,652;7,467;7,581;34,001;32,466;40,222;
2021-05-26;15:25:46;3;0,442;1016,44;997,95;272,237;19,072634;1;449406;7,7;7,513;7,629;34,002;32,454;40,21;
2021-05-26;15:26:46;3;0,442;1016,44;997,95;271,025;19,074008;1;449466;7,503;7,322;7,434;34,002;32,461;40,201;
2021-05-26;15:27:46;3;0,442;1016,46;997,97;266,137;19,072634;1;449526;7,508;7,327;7,439;33,999;32,478;40,206;
2021-05-26;15:28:46;3;0,442;1016,49;997,93;276,8;19,069002;1;449586;7,411;7,232;7,343;33,994;32,48;40,18;
2021-05-26;15:29:46;3;0,442;1016,5;997,98;274,337;19,072831;1;449646;7,66;7,475;7,589;34;32,473;40,189;
2021-05-26;15:30:46;3;0,442;1016,48;997,97;264,637;19,071751;1;449706;7,73;7,543;7,659;34;32,477;40,169;
2021-05-26;15:31:46;3;2,998;1016,49;997,95;267,775;19,073027;1;449766;7,656;7,471;7,586;34,001;32,484;40,17;
2021-05-26;15:32:46;3;0,442;1016,48;997,96;274,475;19,073517;1;449826;7,913;7,721;7,84;33,998;32,483;40,15;
2021-05-26;15:33:46;3;2,998;1016,46;997,93;274,675;19,071456;1;449886;7,677;7,491;7,606;33,998;32,49;40,131;
2021-05-26;15:34:46;3;0,442;1016,49;997,94;270,15;19,071849;1;449946;7,578;7,395;7,508;34,002;32,492;40,097;
2021-05-26;15:35:46;3;2,998;1016,47;997,97;268,575;19,072143;1;450006;7,537;7,355;7,467;33,999;32,494;40,087;
2021-05-26;15:36:46;3;0,442;1016,46;997,99;275,037;19,073125;1;450066;7,607;7,423;7,537;33,999;32,499;40,058;
2021-05-26;15:37:46;3;0,442;1016,47;998;272,575;19,072634;1;450126;7,557;7,374;7,487;34,001;32,502;40,038;
2021-05-26;15:38:46;3;0,442;1016,5;998;267,85;19,072241;1;450186;7,637;7,453;7,567;34,001;32,509;40,025;
2021-05-26;15:39:46;3;0,442;1016,53;998,01;271,9;19,071751;1;450246;7,603;7,42;7,533;33,998;32,506;39,985;
2021-05-26;15:40:46;3;0,442;1016,55;998,02;272,837;19,071162;1;450306;7,581;7,398;7,511;33,998;32,511;39,962;
2021-05-26;15:41:46;3;0,442;1016,57;998,02;264,962;19,072732;1;450366;7,55;7,368;7,481;34,003;32,517;39,959;
2021-05-26;15:42:46;3;0,442;1016,58;998,05;264,087;19,074008;1;450426;7,77;7,583;7,698;34,005;32,513;39,928;
2021-05-26;15:43:46;3;0,442;1016,6;998,05;270,762;19,073321;1;450486;7,552;7,37;7,483;34;32,514;39,952;
2021-05-26;15:44:46;3;2,998;1016,6;998,07;262,95;19,073616;1;450546;7,579;7,397;7,509;34,003;32,516;39,939;
2021-05-26;15:45:46;3;0,442;1016,64;998,09;269,187;19,071554;1;450606;7,619;7,436;7,549;34;32,52;39,929;
2021-05-26;15:46:46;3;2,998;1016,62;998,09;271,2;19,073223;1;450666;7,513;7,333;7,444;33,998;32,519;39,899;
2021-05-26;15:47:46;3;0,442;1016,62;998,09;273,312;19,070573;1;450726;7,669;7,484;7,598;33,993;32,522;39,892;
2021-05-26;15:48:46;3;2,998;1016,64;998,11;266,987;19,074793;1;450786;7,46;7,281;7,391;34,003;32,519;39,892;
2021-05-26;15:49:46;3;0,442;1016,67;998,12;269,825;19,072143;1;450846;7,645;7,462;7,575;33,998;32,524;39,889;
2021-05-26;15:50:46;3;2,998;1016,69;998,11;265,125;19,07234;1;450906;7,695;7,511;7,625;34,002;32,529;39,893;
2021-05-26;15:51:46;3;0,442;1016,68;998,14;270,775;19,073517;1;450966;7,594;7,412;7,524;33,995;32,529;39,89;
2021-05-26;15:52:46;3;0,442;1016,67;998,14;264,887;19,071652;1;451026;7,759;7,573;7,687;33,998;32,53;39,883;
2021-05-26;15:53:46;3;0,442;1016,69;998,17;269,362;19,072732;1;451086;7,573;7,392;7,503;34;32,546;39,881;
2021-05-26;15:54:46;3;0,442;1016,69;998,16;273,187;19,071456;1;451146;7,527;7,347;7,458;33,997;32,551;39,888;
2021-05-26;15:55:46;3;0,442;1016,7;998,17;262,837;19,073026;1;451206;7,592;7,41;7,522;33,999;32,552;39,872;
2021-05-26;15:56:46;3;0,442;1016,73;998,15;262,4;19,07391;1;451266;7,443;7,265;7,375;33,998;32,537;39,854;
2021-05-26;15:57:46;3;0,442;1016,7;998,18;270,05;19,071456;1;451326;7,602;7,42;7,532;33,999;32,54;39,834;
2021-05-26;15:58:46;3;0,442;1016,71;998,17;267,912;19,073223;1;451386;7,584;7,402;7,514;34,001;32,546;39,838;
2021-05-26;15:59:46;3;2,999;1016,71;998,19;264,35;19,074303;1;451446;7,709;7,524;7,638;34,004;32,547;39,831;
2021-05-26;16:00:46;3;0,442;1016,67;998,18;268,95;19,073419;1;451506;7,623;7,44;7,552;33,999;32,548;39,818;
2021-05-26;16:01:46;3;2,998;1016,72;998,19;267,037;19,073714;1;451566;7,508;7,328;7,439;34;32,548;39,824;
2021-05-26;16:02:46;3;0,442;1016,73;998,21;261,55;19,071653;1;451626;7,576;7,395;7,506;33,999;32,549;39,828;
2021-05-26;16:03:46;3;2,999;1016,73;998,2;262,15;19,074597;1;451686;7,462;7,284;7,393;33,999;32,55;39,825;
2021-05-26;16:04:46;3;0,442;1016,71;998,2;264,487;19,072045;1;451746;7,419;7,241;7,351;33,999;32,558;39,816;
2021-05-26;16:05:46;3;0,442;1016,75;998,2;261,875;19,074205;1;451806;7,658;7,475;7,588;34,001;32,562;39,816;
2021-05-26;16:06:46;3;0,442;1016,74;998,21;266,475;19,074204;1;451866;7,539;7,359;7,469;34,001;32,565;39,82;
2021-05-26;16:07:46;3;0,442;1016,76;998,2;270,375;19,072536;1;451926;7,505;7,326;7,436;33,998;32,564;39,813;
2021-05-26;16:08:46;3;0,442;1016,73;998,23;259,887;19,074892;1;451986;7,547;7,367;7,478;34,003;32,565;39,8;
2021-05-26;16:09:46;3;0,442;1016,75;998,24;258,912;19,072536;1;452046;7,594;7,412;7,524;34,004;32,562;39,799;
2021-05-26;16:10:46;3;0,442;1016,78;998,25;268,912;19,073812;1;452106;7,431;7,254;7,363;34,002;32,567;39,82;
2021-05-26;16:11:46;3;0,442;1016,78;998,23;269,075;19,073223;1;452166;7,502;7,322;7,432;33,998;32,571;39,79;
2021-05-26;16:12:46;3;2,999;1016,77;998,25;270,2;19,072732;1;452226;7,496;7,317;7,427;33,995;32,566;39,81;
2021-05-26;16:13:46;3;0,442;1016,75;998,27;264,937;19,073125;1;452286;7,527;7,347;7,457;34;32,578;39,801;
2021-05-26;16:14:46;3;2,998;1016,75;998,27;259,987;19,074303;1;452346;7,65;7,468;7,58;34,004;32,583;39,798;
2021-05-26;16:15:46;3;0,442;1016,8;998,27;262,4;19,074303;1;452406;7,481;7,303;7,412;34,001;32,573;39,814;
2021-05-26;16:16:46;3;2,998;1016,78;998,28;261,137;19,07234;1;452466;7,68;7,496;7,609;33,998;32,575;39,807;
2021-05-26;16:17:46;3;0,442;1016,78;998,25;266,075;19,073713;1;452526;7,534;7,354;7,465;34,001;32,583;39,795;
2021-05-26;16:18:46;3;0,442;1016,78;998,27;269,85;19,072928;1;452586;7,655;7,473;7,585;33,997;32,58;39,784;
2021-05-26;16:19:46;3;0,442;1016,8;998,27;265,787;19,073223;1;452646;7,522;7,342;7,453;34;32,588;39,792;
2021-05-26;16:20:46;3;0,442;1016,76;998,25;263,387;19,073517;1;452706;7,633;7,451;7,563;34;32,584;39,785;
2021-05-26;16:21:46;3;0,442;1016,77;998,24;264,512;19,071947;1;452766;7,39;7,213;7,322;33,997;32,588;39,792;
2021-05-27;08:49:28;4;0,414;1026,43;1006,67;1323,887;18,860997;1;452851;8,314;8,184;8,238;25,528;22,39;51,848;
2021-05-27;08:50:28;4;0,417;1028,4;1008,72;1319,562;18,86139;1;452911;6,52;6,431;6,46;26,759;22,501;53,215;
2021-05-27;08:51:28;4;0,419;1029,54;1009,9;1327,862;18,855893;1;452971;7,433;7,34;7,364;27,761;22,697;54,127;
2021-05-27;08:52:28;4;0,421;1030,05;1010,41;1314,15;18,855599;1;453031;7,94;7,845;7,867;28,671;22,966;54,362;
2021-05-27;08:53:28;4;0,423;1030,24;1010,69;1314,75;18,851966;1;453091;8,923;8,819;8,841;29,519;23,286;54,801;
2021-05-27;08:54:28;4;0,425;1030,26;1010,74;1315,387;18,854028;1;453151;9,687;9,574;9,598;30,333;23,648;54,938;
2021-05-27;08:55:28;4;2,983;1030,18;1010,7;1317,25;18,855009;1;453211;9,51;9,398;9,422;31,118;24,039;54,66;
2021-05-27;08:56:28;4;0,427;1030,15;1010,57;1306,35;18,849807;1;453271;9,551;9,438;9,463;31,868;24,461;54,197;
2021-05-27;08:57:28;4;2,985;1030,06;1010,47;1314,337;18,84853;1;453331;9,631;9,516;9,543;32,6;24,888;53,619;
2021-05-27;08:58:28;4;0,429;1029,84;1010,33;1305,287;18,845193;1;453391;9,252;9,141;9,167;33,307;25,333;53,054;
2021-05-27;08:59:28;4;2,987;1029,67;1010,2;1306,625;18,845487;1;453451;8,5;8,396;8,422;33,998;25,789;52,405;
2021-05-27;09:00:28;4;0,43;1029,44;1009,88;1030,65;18,907624;1;453511;7,743;7,646;7,672;34,047;26,245;51,674;
2021-05-27;09:01:28;4;2,988;1028,97;1009,41;902,337;18,935011;1;453571;6,44;6,357;6,381;34,019;26,667;50,998;
2021-05-27;09:02:28;4;0,431;1028,45;1008,94;816,9;18,953858;1;453631;6,529;6,441;6,469;34,012;27,058;50,353;
2021-05-27;09:03:28;4;0,432;1027,97;1008,53;737,762;18,968877;1;453691;7,54;7,436;7,471;34,012;27,413;49,749;
2021-05-27;10:56:04;4;0,418;1025,08;1005,46;1322,075;18,86139;1;453807;8,061;7,926;7,987;28,567;25,035;53,196;
2021-05-27;10:57:04;4;0,42;1027,37;1007,71;1315,312;18,860114;1;453867;9,046;8,914;8,963;29,772;25,131;53,817;
2021-05-27;10:58:04;4;0,423;1028,85;1009,29;1308,875;18,855403;1;453927;7,874;7,771;7,802;30,751;25,315;54,139;
2021-05-27;10:59:04;4;0,425;1029,85;1010,34;1315,462;18,8555;1;453987;6,516;6,438;6,456;31,63;25,566;54,203;
2021-05-27;11:00:04;4;0,426;1030,34;1010,96;1305,387;18,852555;1;454047;6,148;6,078;6,091;32,457;25,877;54,099;
2021-05-27;11:01:04;4;0,427;1030,69;1011,32;1316,387;18,851672;1;454107;6,1;6,032;6,044;33,247;26,22;53,835;
2021-05-27;11:02:04;4;2,987;1030,89;1011,51;1307,387;18,847942;1;454167;6,516;6,445;6,456;34,005;26,588;53,482;
2021-05-27;11:03:04;4;0,43;1030,73;1011,41;1010,287;18,914201;1;454227;6,252;6,183;6,194;34,046;26,978;52,994;
2021-05-27;11:04:04;4;2,988;1030,46;1011,07;876,762;18,943944;1;454287;6,283;6,212;6,225;34,021;27,363;52,437;
2021-05-27;11:05:04;4;0,431;1030,13;1010,67;786,1;18,9623;1;454347;7,363;7,277;7,295;34,014;27,716;51,927;
2021-05-27;11:06:04;4;2,989;1029,6;1010,32;710,65;18,980264;1;454407;8,37;8,269;8,293;34,01;28,044;51,451;
2021-05-27;11:07:04;4;0,433;1029,22;1009,99;654,437;18,990964;1;454467;8,684;8,577;8,604;34,009;28,339;50,977;
2021-05-27;11:08:04;4;2,991;1028,95;1009,7;614,225;18,997933;1;454527;8,458;8,351;8,38;34,002;28,61;50,554;
2021-05-27;11:09:04;4;0,434;1028,69;1009,46;581,487;19,006473;1;454587;7,984;7,881;7,911;34,006;28,865;50,144;
2021-05-27;11:10:04;4;0,434;1028,5;1009,25;557,075;19,012854;1;454647;7,619;7,519;7,549;34,003;29,091;49,751;
2021-05-27;11:11:04;4;0,434;1028,33;1009,08;535,9;19,019038;1;454707;7,685;7,583;7,614;34,001;29,306;49,397;
2021-05-27;11:12:04;4;0,434;1028,18;1008,92;506,625;19,020019;1;454767;7,749;7,645;7,677;34,002;29,505;49,048;
2021-05-27;11:13:04;4;0,435;1028,01;1008,76;476,425;19,026596;1;454827;7,63;7,526;7,56;34,005;29,68;48,746;
2021-05-27;11:14:04;4;0,435;1027,9;1008,64;468,162;19,029934;1;454887;7,56;7,456;7,49;34,003;29,858;48,454;
2021-05-27;11:15:04;4;0,436;1027,88;1008,52;463,862;19,03278;1;454947;7,537;7,433;7,468;34;30,007;48,184;
2021-05-27;11:16:04;4;0,436;1027,83;1008,49;439,775;19,035529;1;455007;7,637;7,531;7,567;34;30,152;47,922;
2021-05-27;11:17:04;4;2,994;1027,74;1008,45;432,837;19,036805;1;455067;7,592;7,486;7,522;34,002;30,294;47,676;
2021-05-27;11:18:04;4;0,437;1027,6;1008,39;412,912;19,040633;1;455127;7,446;7,342;7,378;34,002;30,419;47,444;
2021-05-27;11:19:04;4;2,994;1027,49;1008,39;403,587;19,040535;1;455187;7,243;7,142;7,176;34;30,533;47,243;
2021-05-27;11:20:04;4;0,438;1027,51;1008,39;406,062;19,041909;1;455247;7,133;7,034;7,067;34,001;30,644;47,028;
2021-05-27;11:21:04;4;2,994;1027,45;1008,39;403,1;19,044069;1;455307;7,085;6,986;7,02;33,996;30,735;46,859;
2021-05-27;11:22:04;4;0,438;1027,45;1008,42;390,237;19,041517;1;455367;7,034;6,936;6,969;34;30,833;46,662;
2021-05-27;11:23:04;4;0,438;1027,49;1008,39;383,812;19,046425;1;455427;6,991;6,893;6,927;34;30,916;46,508;
2021-05-27;11:24:04;4;0,439;1027,49;1008,41;388,112;19,045247;1;455487;6,889;6,793;6,826;33,996;30,998;46,331;
2021-05-27;11:25:04;4;0,438;1027,49;1008,41;371,562;19,046327;1;455547;6,89;6,794;6,827;33,998;31,065;46,195;
2021-05-27;11:26:04;4;0,438;1027,48;1008,43;374,925;19,047701;1;455607;7,028;6,93;6,963;33,999;31,138;46,063;
2021-05-27;11:27:04;4;0,439;1027,42;1008,43;373,512;19,048584;1;455667;7,072;6,973;7,007;33,993;31,205;45,92;
2021-05-27;11:28:04;4;0,439;1027,41;1008,48;362,512;19,049468;1;455727;7,072;6,974;7,007;34;31,273;45,8;
2021-05-27;11:29:04;4;0,439;1027,41;1008,47;349,7;19,053296;1;455787;7,139;7,04;7,073;33,999;31,322;45,687;
2021-05-27;11:30:04;4;2,996;1027,41;1008,48;339,912;19,056143;1;455847;7,415;7,312;7,347;34,001;31,386;45,58;
2021-05-27;11:31:04;4;0,439;1027,39;1008,46;348,85;19,053002;1;455907;7,499;7,395;7,43;34,004;31,428;45,486;
2021-05-27;11:32:04;4;2,996;1027,39;1008,48;346,25;19,053983;1;455967;7,668;7,562;7,597;34;31,479;45,384;
2021-05-27;11:33:04;4;0,44;1027,37;1008,45;330,837;19,055456;1;456027;7,598;7,492;7,528;34,002;31,527;45,258;
2021-05-27;11:34:04;4;2,996;1027,36;1008,5;330,425;19,056045;1;456087;7,71;7,603;7,639;34,001;31,569;45,171;
2021-05-27;11:35:04;4;0,439;1027,37;1008,49;327,212;19,057321;1;456147;7,796;7,688;7,724;34;31,613;45,1;
2021-05-27;11:36:04;4;0,44;1027,38;1008,49;316,987;19,06056;1;456207;7,682;7,575;7,611;34,002;31,646;44,998;
2021-05-27;11:37:04;4;0,44;1027,41;1008,44;321,512;19,057812;1;456267;7,75;7,642;7,679;34;31,693;44,938;
2021-05-27;11:38:04;4;0,44;1027,39;1008,39;319,775;19,059578;1;456327;7,73;7,622;7,659;34,005;31,735;44,874;
2021-05-27;11:39:04;4;0,44;1027,38;1008,37;320,462;19,06056;1;456387;7,716;7,608;7,645;33,995;31,759;44,79;
2021-05-27;11:40:04;4;0,44;1027,35;1008,34;317,237;19,058793;1;456447;7,676;7,569;7,605;33,999;31,782;44,737;
2021-05-27;11:41:04;4;0,44;1027,32;1008,35;307,825;19,061149;1;456507;7,832;7,722;7,76;34,002;31,81;44,671;
2021-05-27;11:42:04;4;0,44;1027,25;1008,32;321,062;19,059578;1;456567;7,814;7,704;7,742;33,996;31,842;44,619;
2021-05-27;11:43:04;4;2,997;1027,25;1008,31;312,475;19,060855;1;456627;7,875;7,764;7,802;33,999;31,88;44,563;
2021-05-27;11:44:04;4;0,441;1027,25;1008,31;314,925;19,062229;1;456687;7,832;7,722;7,76;33,999;31,912;44,501;
2021-05-27;11:45:04;4;2,997;1027,26;1008,32;309,387;19,06164;1;456747;7,887;7,776;7,814;33,999;31,932;44,461;
2021-05-27;11:46:04;4;0,441;1027,25;1008,34;303,812;19,060953;1;456807;7,771;7,662;7,699;34,002;31,953;44,407;
2021-05-27;11:47:04;4;2,997;1027,24;1008,34;301,287;19,062916;1;456867;7,796;7,687;7,724;34,001;31,971;44,352;
2021-05-27;11:48:04;4;0,441;1027,26;1008,37;306,7;19,062131;1;456927;7,81;7,701;7,738;34,002;31,985;44,315;
2021-05-27;11:49:04;4;2,998;1027,28;1008,37;307,9;19,062033;1;456987;8,005;7,894;7,932;33,999;32,014;44,259;
2021-05-27;11:50:04;4;0,441;1027,29;1008,43;302,975;19,061935;1;457047;7,837;7,728;7,765;33,996;32,034;44,224;
2021-05-27;11:51:04;4;0,441;1027,31;1008,41;295,112;19,063505;1;457107;7,836;7,727;7,764;34,003;32,053;44,18;
2021-05-27;11:52:04;4;0,441;1027,32;1008,44;300,887;19,063211;1;457167;7,862;7,753;7,79;33,998;32,075;44,12;
2021-05-27;11:53:04;4;0,441;1027,34;1008,43;295,875;19,062622;1;457227;7,755;7,647;7,684;33,998;32,086;44,091;
2021-05-27;11:54:04;4;0,441;1027,34;1008,45;289,537;19,064585;1;457287;7,877;7,768;7,804;34,003;32,113;44,048;
2021-05-27;11:55:04;4;0,442;1027,37;1008,46;287,55;19,064585;1;457347;7,767;7,659;7,696;34,001;32,142;44,018;
2021-05-27;11:56:04;4;0,441;1027,41;1008,48;300,562;19,063701;1;457407;7,744;7,637;7,673;33,996;32,139;44,005;
2021-05-27;11:57:04;4;0,441;1027,41;1008,49;299,537;19,064487;1;457467;7,824;7,715;7,752;33,998;32,153;43,95;
2021-05-27;20:01:06;4;0,415;1029,92;1010,34;1308,062;18,859623;1;457570;7,888;7,793;7,815;26,689;23,488;55,66;
2021-05-27;20:02:06;4;0,419;1032,36;1012,79;1310,725;18,857071;1;457630;7,433;7,361;7,365;27,936;23,597;56,354;
2021-05-27;20:03:06;4;0,421;1033,93;1014,3;1317,262;18,855305;1;457690;5,987;5,938;5,932;28,925;23,785;56,811;
2021-05-27;20:04:06;4;0,423;1035,01;1015,31;1303,1;18,852261;1;457750;6,902;6,852;6,839;29,818;24,048;57,04;
2021-05-27;20:05:06;4;0,425;1035,62;1015,93;1305,587;18,852948;1;457810;6,609;6,565;6,548;30,667;24,387;56,988;
2021-05-27;20:06:06;4;0,426;1036,01;1016,3;1318,462;18,851378;1;457870;7,787;7,738;7,715;31,477;24,743;56,749;
2021-05-27;20:07:06;4;2,985;1036,05;1016,49;1313,437;18,851967;1;457930;7,549;7,503;7,479;32,248;25,127;56,347;
2021-05-27;20:08:06;4;0,429;1036,18;1016,61;1301,312;18,846568;1;457990;7,672;7,627;7,601;32,999;25,529;55,84;
2021-05-27;20:09:06;4;2,987;1036,19;1016,71;1314,912;18,848923;1;458050;7,517;7,473;7,448;33,719;25,947;55,245;
2021-05-27;20:10:06;4;0,43;1036,13;1016,68;1096,375;18,893685;1;458110;7,165;7,123;7,099;34,128;26,389;54,597;
2021-05-27;20:11:06;4;2,988;1035,79;1016,34;943,412;18,924901;1;458170;5,921;5,885;5,867;34,02;26,812;53,887;
2021-05-27;20:12:06;4;0,432;1035,25;1015,89;843,137;18,946987;1;458230;6,02;5,98;5,965;34,014;27,197;53,218;
2021-05-27;20:13:06;4;2,989;1034,93;1015,44;762,475;18,968484;1;458290;6,453;6,407;6,394;34,009;27,56;52,604;
2021-05-27;20:14:06;4;0,433;1034,58;1015,06;694,962;18,977123;1;458350;8,36;8,297;8,283;34,013;27,889;52,053;
2021-05-27;20:15:06;4;0,434;1034,14;1014,77;655,15;18,98419;1;458410;7,937;7,876;7,864;34,005;28,184;51,521;
2021-05-27;20:16:06;4;0,434;1033,83;1014,57;623,75;18,992731;1;458470;8,063;7,999;7,989;34,003;28,473;51,059;
2021-05-27;20:17:06;4;0,434;1033,65;1014,42;596,625;19,000289;1;458530;7,467;7,407;7,398;34,002;28,729;50,608;
2021-05-27;20:18:06;4;0,434;1033,47;1014,3;552,7;19,010891;1;458590;7,161;7,103;7,095;34,007;28,948;50,216;
2021-05-27;20:19:06;4;0,434;1033,3;1014,16;544,512;19,014817;1;458650;7,06;7,001;6,995;33,998;29,159;49,85;
2021-05-27;20:20:06;4;0,435;1033,27;1014,05;518,2;19,017664;1;458710;7,169;7,109;7,103;34,003;29,357;49,514;
2021-05-27;20:21:06;4;0,435;1033,17;1013,99;489,725;19,021885;1;458770;6,965;6,906;6,901;34,003;29,547;49,186;
2021-05-27;20:22:06;4;2,992;1033,03;1013,9;488,275;19,022572;1;458830;7,079;7,018;7,014;34,003;29,708;48,892;
2021-05-27;20:23:06;4;0,436;1032,92;1013,79;467,95;19,028854;1;458890;6,994;6,933;6,929;34,005;29,865;48,617;
2021-05-27;20:24:06;4;2,993;1032,9;1013,73;450,087;19,034253;1;458950;7,016;6,955;6,951;34;30,003;48,359;
2021-05-27;20:25:06;4;0,437;1032,92;1013,64;438,862;19,032682;1;459010;7,05;6,988;6,985;33,997;30,136;48,132;
2021-05-27;20:26:06;4;2,993;1032,84;1013,63;434,187;19,032584;1;459070;6,74;6,68;6,678;33,999;30,263;47,897;
2021-05-27;20:27:06;4;0,437;1032,77;1013,6;427,687;19,040044;1;459130;6,855;6,794;6,792;34,003;30,383;47,674;
2021-05-27;20:28:06;4;0,44;1032,65;1013,59;427,387;19,039357;1;459190;6,711;6,652;6,649;33,995;30,48;47,478;
2021-05-27;20:29:06;4;0,438;1032,52;1013,54;408,887;19,041026;1;459250;6,535;6,477;6,475;34,001;30,587;47,262;
2021-05-27;20:30:06;4;0,438;1032,5;1013,56;406,137;19,04132;1;459310;6,596;6,537;6,535;34,001;30,674;47,077;
2021-05-27;20:31:06;4;0,438;1032,5;1013,56;391,15;19,043677;1;459370;6,62;6,561;6,559;34,002;30,763;46,908;
2021-05-27;20:32:06;4;0,438;1032,46;1013,57;389,212;19,045443;1;459430;6,324;6,268;6,266;34,002;30,854;46,743;
2021-05-27;20:33:06;4;0,438;1032,46;1013,57;378,012;19,046327;1;459490;6,64;6,581;6,579;33,996;30,929;46,592;
2021-05-27;20:34:06;4;0,438;1032,51;1013,57;372,55;19,046523;1;459550;6,182;6,127;6,125;34,003;30,993;46,452;
2021-05-27;20:35:06;4;2,995;1032,49;1013,61;363,462;19,047995;1;459610;6,395;6,338;6,336;34;31,063;46,293;
2021-05-27;20:36:06;4;0,439;1032,51;1013,57;369,387;19,049566;1;459670;6,323;6,267;6,265;33,998;31,125;46,179;
2021-05-27;20:37:06;4;2,995;1032,52;1013,58;359,662;19,049861;1;459730;6,356;6,3;6,298;34,003;31,183;46,052;
2021-05-27;20:38:06;4;0,439;1032,48;1013,6;356,225;19,051726;1;459790;6,057;6,003;6,001;34,005;31,242;45,954;
2021-05-27;20:39:06;4;2,996;1032,42;1013,64;360,25;19,052609;1;459850;6,555;6,497;6,495;34,002;31,287;45,838;
2021-05-27;20:40:06;4;0,439;1032,41;1013,69;350,562;19,053198;1;459910;6,66;6,601;6,599;33,996;31,339;45,726;
2021-05-27;20:41:06;4;0,439;1032,43;1013,69;344,3;19,054376;1;459970;6,77;6,711;6,708;34;31,376;45,615;
2021-05-27;20:42:06;4;0,439;1032,46;1013,66;347,9;19,055259;1;460030;6,808;6,748;6,746;34,002;31,427;45,509;
2021-05-27;20:43:06;4;0,44;1032,45;1013,68;344,925;19,051627;1;460090;7,028;6,967;6,964;33,996;31,464;45,428;
2021-05-27;20:44:06;4;0,44;1032,45;1013,68;338,362;19,054965;1;460150;6,911;6,85;6,847;34,002;31,501;45,33;
2021-05-27;20:45:06;4;0,44;1032,41;1013,68;335,587;19,052805;1;460210;6,89;6,829;6,826;34;31,538;45,253;
2021-05-27;20:46:06;4;0,44;1032,4;1013,68;333,837;19,05575;1;460270;7,113;7,051;7,048;33,998;31,571;45,161;
2021-05-27;20:47:06;4;0,44;1032,4;1013,63;322,725;19,056928;1;460330;7,116;7,054;7,051;34,003;31,608;45,092;
2021-05-27;20:48:06;4;2,997;1032,39;1013,6;324,775;19,059481;1;460390;7,142;7,079;7,076;33,998;31,639;45,004;
2021-05-27;20:49:06;4;0,44;1032,4;1013,59;330,112;19,055456;1;460450;7,194;7,13;7,128;34,001;31,675;44,939;
2021-05-27;20:50:06;4;2,997;1032,4;1013,56;334,05;19,054867;1;460510;7,111;7,048;7,046;33,994;31,701;44,873;
2021-05-27;20:51:06;4;0,441;1032,41;1013,52;323,512;19,056928;1;460570;7,261;7,196;7,194;33,999;31,729;44,794;
2021-05-27;20:52:06;4;2,997;1032,42;1013,52;320,05;19,05683;1;460630;7,129;7,065;7,063;33,999;31,753;44,704;
2021-05-27;20:53:06;4;0,441;1032,41;1013,49;324,475;19,05791;1;460690;7,349;7,283;7,281;34;31,785;44,659;
2021-05-27;20:54:06;4;2,997;1032,39;1013,44;325,812;19,058989;1;460750;7,151;7,086;7,085;33,998;31,815;44,599;
2021-05-27;20:55:06;4;0,441;1032,36;1013,49;315,887;19,057124;1;460810;7,395;7,329;7,327;33,998;31,838;44,533;
2021-05-27;20:56:06;4;0,441;1032,33;1013,52;317,1;19,057026;1;460870;7,184;7,12;7,118;33,995;31,861;44,476;
2021-05-27;20:57:06;4;0,441;1032,31;1013,53;318,112;19,057124;1;460930;6,89;6,828;6,826;33,997;31,879;44,428;
2021-05-27;20:58:06;4;0,441;1032,3;1013,57;310,712;19,05899;1;460990;7,267;7,203;7,2;34,001;31,919;44,344;
2021-05-27;20:59:06;4;0,441;1032,29;1013,56;316,362;19,058793;1;461050;7,106;7,043;7,041;33,998;31,927;44,298;
2021-05-27;21:00:06;4;0,441;1032,3;1013,58;311,737;19,061345;1;461110;7,108;7,045;7,043;34,002;31,948;44,245;
2021-05-27;21:01:06;4;0,442;1032,36;1013,59;309,6;19,061149;1;461170;7,127;7,064;7,061;33,997;31,967;44,204;
2021-05-27;21:02:06;4;0,441;1032,32;1013,58;311,75;19,05791;1;461230;7,14;7,077;7,074;33,998;31,982;44,139;
2021-05-27;21:03:06;4;2,998;1032,35;1013,59;300,887;19,063014;1;461290;7,082;7,019;7,017;34;32,018;44,097;
2021-05-27;21:04:06;4;0,441;1032,36;1013,61;309,987;19,060266;1;461350;6,899;6,838;6,835;33,998;32,032;44,056;
2021-05-27;21:05:06;4;2,998;1032,36;1013,62;298,637;19,063211;1;461410;7,154;7,091;7,088;34,002;32,038;44,017;
2021-05-27;21:06:06;4;0,442;1032,38;1013,65;308,1;19,060364;1;461470;6,913;6,852;6,85;33,999;32,052;43,952;
2021-05-27;21:07:06;4;2,998;1032,39;1013,64;300,325;19,06272;1;461530;7,276;7,212;7,209;34,002;32,055;43,89;
2021-05-27;21:08:06;4;0,442;1032,41;1013,63;307,375;19,061149;1;461590;7,012;6,95;6,948;33,998;32,079;43,846;
2021-05-27;21:09:06;4;0,441;1032,42;1013,61;303,5;19,062327;1;461650;7,069;7,006;7,004;34;32,085;43,82;
2021-05-27;21:10:06;4;0,442;1032,41;1013,61;300,075;19,062524;1;461710;7,024;6,962;6,96;34,001;32,103;43,789;
2021-05-27;21:11:06;4;0,442;1032,42;1013,58;294,287;19,06429;1;461770;7,18;7,116;7,113;33,998;32,116;43,728;
2021-05-27;21:12:06;4;0,442;1032,44;1013,56;295,725;19,063211;1;461830;7,02;6,958;6,955;34;32,128;43,686;
2021-05-27;21:13:06;4;0,442;1032,44;1013,56;298,325;19,06272;1;461890;7,003;6,941;6,939;34,001;32,146;43,625;
2021-05-27;21:14:06;4;0,442;1032,46;1013,54;297,7;19,062131;1;461950;7,046;6,983;6,981;34,004;32,162;43,577;
2021-05-27;21:15:06;4;0,442;1032,48;1013,56;290,312;19,062916;1;462010;7,177;7,113;7,111;33,998;32,165;43,518;
2021-05-27;21:16:06;4;2,998;1032,51;1013,57;298,737;19,06272;1;462070;6,85;6,789;6,787;34,001;32,175;43,486;
2021-05-28;09:39:57;5;0,414;1037,05;1017,38;1326,1;18,860801;1;462143;7,251;7,214;7,184;25,164;22,123;57,988;
2021-05-28;09:40:57;5;0,417;1038,51;1018,89;1318,137;18,860212;1;462203;6,109;6,086;6,053;26,414;22,239;58,442;
2021-05-28;09:41:57;5;0,419;1039,4;1019,89;1326,562;18,854224;1;462263;6,335;6,318;6,277;27,409;22,438;58,627;
2021-05-28;09:42:57;5;0,421;1040,03;1020,47;1319,575;18,854911;1;462323;7,994;7,977;7,92;28,323;22,719;58,676;
2021-05-28;09:43:57;5;0,423;1040,34;1020,78;1315,062;18,851279;1;462383;7,9;7,886;7,827;29,183;23,04;58,495;
2021-05-28;09:44:57;5;0,425;1040,41;1020,97;1306,937;18,849316;1;462443;8,871;8,857;8,79;30,004;23,419;58,18;
2021-05-28;09:45:57;5;2,984;1040,46;1021,04;1310,787;18,847451;1;462503;8,429;8,415;8,351;30,793;23,812;57,699;
2021-05-28;09:46:57;5;0,427;1040,49;1021,04;1308,537;18,848629;1;462563;9,297;9,282;9,211;31,546;24,241;57,155;
2021-05-28;09:47:57;5;2,986;1040,52;1021,02;1312,937;18,847156;1;462623;8,688;8,674;8,608;32,282;24,655;56,514;
2021-05-28;09:48:57;5;0,429;1040,49;1020,98;1308,112;18,844899;1;462683;8,382;8,369;8,305;32,993;25,118;55,827;
2021-05-28;09:49:57;5;2,987;1040,22;1020,91;1304,737;18,847353;1;462743;8,656;8,641;8,576;33,692;25,563;55,118;
2021-05-28;09:50:57;5;0,43;1040,14;1020,78;1112,362;18,890446;1;462803;7,757;7,743;7,686;34,162;26,029;54,347;
2021-05-28;09:51:57;5;2,989;1039,65;1020,32;963,962;18,924213;1;462863;6,754;6,739;6,692;34,022;26,476;53,606;
2021-05-28;09:52:57;5;0,432;1039,16;1019,8;862,887;18,943552;1;462923;6,101;6,083;6,045;34,017;26,897;52,882;
2021-05-28;09:53:57;5;0,433;1038,69;1019,3;763,062;18,960239;1;462983;6,503;6,482;6,444;34,01;27,266;52,229;
2021-05-28;09:54:57;5;0,433;1038,26;1018,93;714,062;18,97781;1;463043;7,69;7,661;7,619;34,01;27,62;51,665;
2021-05-28;09:55:57;5;0,433;1038;1018,61;668,15;18,984779;1;463103;8,17;8,138;8,095;34,007;27,93;51,128;
2021-05-28;09:56:57;5;0,434;1037,7;1018,33;626,162;18,992043;1;463163;7,752;7,718;7,68;34,006;28,213;50,649;
2021-05-28;09:57:57;5;0,434;1037,34;1018,07;592,425;18,998522;1;463223;7,877;7,842;7,805;34,002;28,476;50,215;
2021-05-28;09:58:57;5;0,434;1037,17;1017,86;566,862;19,00608;1;463283;7,592;7,556;7,522;34,003;28,713;49,834;
2021-05-28;09:59:57;5;0,434;1037,05;1017,71;561,05;19,008142;1;463343;7,251;7,216;7,184;34,003;28,935;49,466;
2021-05-28;10:00:57;5;2,991;1036,9;1017,61;496,812;19,013246;1;463403;7,201;7,165;7,135;34;29,143;49,118;
2021-05-28;10:01:57;5;0,435;1036,76;1017,51;519,95;19,015897;1;463463;7,279;7,242;7,212;34,004;29,322;48,801;
2021-05-28;10:02:57;5;2,992;1036,82;1017,4;478,4;19,02051;1;463523;7,362;7,324;7,294;34,003;29,5;48,506;
2021-05-28;10:03:57;5;0,435;1036,67;1017,28;489,075;19,030621;1;463583;7,041;7,004;6,976;34,002;29,66;48,234;
2021-05-28;10:04:57;5;2,992;1036,55;1017,22;460,525;19,029443;1;463643;7,201;7,163;7,135;33,998;29,802;47,986;
2021-05-28;10:05:57;5;0,436;1036,46;1017,17;451,887;19,031897;1;463703;7,132;7,094;7,066;34,004;29,933;47,765;
2021-05-28;10:06:57;5;0,436;1036,42;1017,15;438,587;19,03278;1;463763;7,118;7,079;7,052;33,999;30,066;47,544;
2021-05-28;10:07:57;5;0,436;1036,39;1017,13;433,887;19,033762;1;463823;7,079;7,041;7,014;34,002;30,182;47,343;
2021-05-28;10:08:57;5;0,437;1036,38;1017,11;409,737;19,037197;1;463883;7,257;7,217;7,19;34,001;30,3;47,123;
2021-05-28;10:09:57;5;0,437;1036,35;1017,09;405,587;19,040241;1;463943;6,797;6,76;6,734;34,003;30,405;46,946;
2021-05-28;10:10:57;5;0,437;1036,26;1017,07;408,962;19,04132;1;464003;6,709;6,672;6,647;33,999;30,502;46,772;
2021-05-28;10:11:57;5;0,438;1036,11;1017,08;393,25;19,043382;1;464063;6,796;6,759;6,734;34,001;30,596;46,603;
2021-05-28;10:12:57;5;0,438;1036,01;1017,04;394,162;19,044952;1;464123;6,534;6,498;6,474;33,998;30,682;46,454;
2021-05-28;10:13:57;5;2,994;1036,03;1016,99;391,95;19,045149;1;464183;6,98;6,941;6,916;34,002;30,759;46,319;
2021-05-28;10:14:57;5;0,438;1036,01;1016,93;388,187;19,044167;1;464243;6,66;6,622;6,598;33,995;30,832;46,167;
2021-05-28;10:15:57;5;2,994;1035,99;1016,88;379,625;19,047505;1;464303;6,293;6,258;6,235;34,002;30,901;46,041;
2021-05-28;10:16:57;5;0,438;1036;1016,83;378,55;19,046425;1;464363;6,401;6,364;6,342;34,001;30,974;45,902;
2021-05-28;10:17:57;5;2,995;1035,98;1016,86;372,912;19,04829;1;464423;6,384;6,348;6,325;34,002;31,036;45,785;
2021-05-28;10:18:57;5;0,438;1036;1016,87;365,287;19,049664;1;464483;6,515;6,478;6,455;33,999;31,092;45,663;
2021-05-28;10:19:57;5;0,438;1036,01;1016,84;364,55;19,049566;1;464543;6,606;6,568;6,545;33,998;31,145;45,568;
2021-05-28;10:20:57;5;0,438;1036,02;1016,84;362,175;19,051333;1;464603;6,6;6,562;6,539;33,999;31,199;45,443;
2021-05-28;10:21:57;5;0,439;1035,97;1016,87;344,7;19,052314;1;464663;6,758;6,72;6,696;34,007;31,244;45,336;
2021-05-28;10:22:57;5;0,439;1035,92;1016,88;353,025;19,050646;1;464723;6,985;6,945;6,921;33,999;31,284;45,232;
2021-05-28;10:23:57;5;0,439;1035,92;1016,88;340,325;19,053492;1;464783;6,812;6,773;6,749;34,001;31,346;45,121;
2021-05-28;10:24:57;5;0,438;1035,93;1016,91;349,025;19,053394;1;464843;7,026;6,987;6,962;33,998;31,393;45,018;
2021-05-28;10:25:57;5;0,439;1035,93;1016,94;334,975;19,052903;1;464903;7,029;6,989;6,964;34,002;31,417;44,922;
2021-05-28;10:26:57;5;2,996;1035,93;1016,91;335,687;19,055161;1;464963;7,193;7,153;7,127;34,001;31,456;44,847;
2021-05-28;10:27:57;5;0,439;1035,95;1016,97;329,337;19,056634;1;465023;7,348;7,307;7,28;34,005;31,499;44,787;
2021-05-28;10:28:57;5;2,996;1035,91;1016,98;336,95;19,058401;1;465083;7,318;7,277;7,251;34;31,537;44,702;
2021-05-28;10:29:57;5;0,439;1035,88;1016,96;334,375;19,05575;1;465143;7,27;7,229;7,203;34,001;31,571;44,64;
2021-05-28;10:30:57;5;2,996;1035,86;1016,98;333,15;19,056438;1;465203;7,376;7,335;7,308;34;31,597;44,548;
2021-05-28;10:31:57;5;0,44;1035,85;1016,94;330,487;19,058989;1;465263;7,433;7,391;7,365;33,997;31,627;44,481;
2021-05-28;10:32:57;5;2,996;1035,87;1016,95;320,1;19,057517;1;465323;7,279;7,238;7,212;34;31,656;44,429;
2021-05-28;10:33:57;5;0,44;1035,86;1017,01;325,137;19,057811;1;465383;7,296;7,256;7,229;33,999;31,692;44,377;
2021-05-28;10:34:57;5;0,44;1035,91;1017;321,037;19,058106;1;465443;7,38;7,338;7,311;33,999;31,728;44,302;
2021-05-28;10:35:57;5;0,44;1035,89;1017,02;320,45;19,060363;1;465503;7,485;7,443;7,416;34,002;31,759;44,259;
2021-05-28;10:36:57;5;0,44;1035,84;1017;317,55;19,059579;1;465563;7,46;7,419;7,391;34;31,782;44,215;
2021-05-28;10:37:57;5;0,44;1035,82;1016,98;315,925;19,058302;1;465623;7,109;7,069;7,043;34;31,805;44,182;
2021-05-28;10:38:57;5;0,44;1035,78;1017,02;310,125;19,060757;1;465683;7,552;7,51;7,483;34,002;31,828;44,135;
2021-05-28;10:39:57;5;0,44;1035,73;1016,98;319,8;19,059677;1;465743;7,747;7,704;7,676;33,997;31,857;44,078;
2021-05-28;10:40:57;5;0,44;1035,7;1016,97;312,512;19,060462;1;465803;7,365;7,324;7,297;33,998;31,869;44,053;
2021-05-28;10:41:57;5;2,997;1035,66;1016,93;314,462;19,059088;1;465863;7,305;7,264;7,238;33,998;31,883;44,025;
2021-05-28;10:42:57;5;0,441;1035,68;1016,87;304,275;19,058695;1;465923;7,431;7,389;7,362;33,995;31,904;43,968;
2021-05-28;10:43:57;5;2,997;1035,68;1016,84;307,312;19,060757;1;465983;7,334;7,292;7,267;33,995;31,929;43,931;
2021-05-28;10:44:57;5;0,44;1035,64;1016,84;305,45;19,063505;1;466043;7,44;7,397;7,371;34,002;31,948;43,887;
2021-05-28;10:45:57;5;2,997;1035,63;1016,8;300,125;19,062033;1;466103;7,386;7,344;7,318;34,002;31,963;43,826;
2021-05-28;10:46:57;5;0,441;1035,63;1016,78;306,462;19,062131;1;466163;7,451;7,408;7,382;34,001;31,988;43,809;
2021-05-28;10:47:57;5;0,44;1035,65;1016,76;298,675;19,06164;1;466223;7,39;7,347;7,322;33,996;31,997;43,763;
2021-05-28;10:48:57;5;0,441;1035,62;1016,74;295,9;19,062425;1;466283;7,177;7,135;7,111;33,998;32,021;43,743;
2021-05-28;10:49:57;5;0,441;1035,62;1016,74;302,9;19,060658;1;466343;7,58;7,536;7,51;33,997;32,036;43,705;
2021-05-28;10:50:57;5;0,441;1035,58;1016,72;294,237;19,063604;1;466403;7,373;7,33;7,305;34;32,056;43,688;
2021-05-28;10:51:57;5;0,441;1035,58;1016,74;300,262;19,062622;1;466463;7,2;7,158;7,133;33,999;32,083;43,648;
2021-05-28;10:52:57;5;0,441;1035,61;1016,78;300,062;19,063211;1;466523;7,258;7,216;7,191;34;32,088;43,612;
2021-05-28;10:53:57;5;0,441;1035,62;1016,77;298,187;19,062524;1;466583;7,329;7,287;7,261;33,999;32,099;43,577;
2021-05-28;10:54:57;5;2,998;1035,61;1016,76;297,037;19,063898;1;466643;7,369;7,327;7,301;33,998;32,114;43,552;
2021-05-28;10:55:57;5;0,441;1035,61;1016,78;297,4;19,063211;1;466703;7,368;7,325;7,3;33,998;32,128;43,51;
2021-05-28;10:56:57;5;2,998;1035,59;1016,79;292,25;19,064094;1;466763;7,24;7,198;7,173;33,998;32,139;43,498;
2021-05-28;10:57:57;5;0,441;1035,59;1016,77;285,625;19,064487;1;466823;7,246;7,204;7,179;34,001;32,15;43,463;
2021-05-28;10:58:57;5;2,997;1035,58;1016,75;293,187;19,064192;1;466883;7,34;7,298;7,273;33,999;32,166;43,455;
2021-05-28;10:59:57;5;0,442;1035,6;1016,76;292,1;19,064978;1;466943;7,256;7,214;7,189;34,002;32,188;43,424;
2021-05-28;11:00:57;5;0,442;1035,58;1016,78;292,037;19,064683;1;467003;7,279;7,237;7,212;34,001;32,201;43,412;
2021-05-28;11:01:57;5;0,442;1035,59;1016,79;286,4;19,063898;1;467063;7,289;7,247;7,222;33,998;32,215;43,387;
2021-05-28;11:02:57;5;0,442;1035,61;1016,79;289,512;19,065174;1;467123;7,159;7,118;7,093;33,998;32,224;43,372;
2021-05-28;11:03:57;5;0,442;1035,55;1016,75;289,237;19,067824;1;467183;7,245;7,203;7,178;33,998;32,232;43,353;
2021-05-28;11:04:57;5;0,442;1035,54;1016,73;286,737;19,066254;1;467243;7,107;7,066;7,042;33,996;32,247;43,315;
2021-05-28;11:05:57;5;0,441;1035,53;1016,72;290,65;19,063996;1;467303;7,258;7,216;7,191;33,992;32,256;43,316;
2021-05-28;11:06:57;5;0,441;1035,51;1016,69;284,5;19,066548;1;467363;7,238;7,196;7,172;34;32,271;43,298;
2021-05-28;11:07:57;5;2,998;1035,49;1016,66;285,737;19,065665;1;467423;7,229;7,187;7,163;33,999;32,293;43,283;
2021-05-28;11:08:57;5;0,441;1035,46;1016,64;279,787;19,068609;1;467483;7,333;7,29;7,266;33,999;32,291;43,263;
2021-05-28;11:09:57;5;2,998;1035,45;1016,64;281,55;19,0691;1;467543;7,304;7,261;7,237;34,004;32,308;43,252;
2021-05-28;11:10:57;5;0,441;1035,4;1016,63;281,35;19,069591;1;467603;7,254;7,211;7,187;34,002;32,317;43,246;
2021-05-28;11:11:57;5;2,998;1035,39;1016,62;276,125;19,067235;1;467663;7,133;7,091;7,067;33,999;32,327;43,214;
2021-05-28;11:12:57;5;0,442;1035,35;1016,61;287,125;19,06645;1;467723;7,148;7,106;7,082;33,998;32,331;43,198;
2021-05-28;11:13:57;5;2,998;1035,37;1016,63;279,737;19,06753;1;467783;7,291;7,248;7,224;34,001;32,333;43,202;
2021-05-28;11:14:57;5;0,442;1035,34;1016,64;282,95;19,066646;1;467843;7,151;7,109;7,085;33,998;32,355;43,174;
2021-05-28;11:15:57;5;0,442;1035,31;1016,63;278,625;19,066254;1;467903;7,186;7,144;7,12;33,999;32,361;43,171;
2021-05-28;11:16:57;5;0,442;1035,29;1016,6;283,937;19,066254;1;467963;7,139;7,097;7,073;33,997;32,376;43,143;
2021-05-28;11:17:57;5;0,442;1035,26;1016,6;274,287;19,068904;1;468023;7,194;7,152;7,128;33,997;32,382;43,127;
2021-05-28;11:18:57;5;0,442;1035,26;1016,58;278,975;19,069297;1;468083;6,93;6,888;6,866;34;32,393;43,112;
2021-05-28;11:19:57;5;0,442;1035,24;1016,59;287,137;19,067039;1;468143;7,168;7,125;7,102;33,999;32,392;43,082;
2021-05-28;11:20:57;5;0,442;1035,26;1016,59;288,125;19,06537;1;468203;7,174;7,132;7,108;34;32,414;43,081;
2021-05-28;11:21:57;5;0,442;1035,22;1016,57;286,1;19,067137;1;468263;7,098;7,056;7,033;34,002;32,419;43,072;
2021-05-28;11:22:57;5;2,998;1035,22;1016,58;278,612;19,06645;1;468323;7,253;7,21;7,186;34;32,424;43,029;
2021-05-28;11:23:57;5;0,442;1035,19;1016,57;276,312;19,065272;1;468383;7,382;7,338;7,314;34,001;32,43;43;
2021-05-28;11:24:57;5;2,999;1035,23;1016,58;282,737;19,066352;1;468443;7,331;7,287;7,264;33,999;32,445;42,995;
2021-05-28;11:25:57;5;0,442;1035,23;1016,58;270,225;19,068315;1;468503;7,1;7,057;7,034;33,997;32,449;42,962;
2021-05-28;11:26:57;5;2,998;1035,22;1016,54;269,187;19,068119;1;468563;7,507;7,462;7,438;33,999;32,458;42,96;
2021-05-28;11:27:57;5;0,442;1035,19;1016,54;276,825;19,068119;1;468623;7,512;7,467;7,443;33,996;32,491;42,93;
2021-05-28;11:28:57;5;0,443;1035,21;1016,54;277,55;19,068119;1;468683;7,454;7,409;7,385;34;32,483;42,896;
2021-05-28;11:29:57;5;0,443;1035,18;1016,53;273,325;19,066843;1;468743;7,343;7,299;7,276;34,004;32,487;42,897;
2021-05-28;11:30:57;5;0,442;1035,19;1016,5;272,15;19,068315;1;468803;7,29;7,246;7,223;34,001;32,488;42,854;
2021-05-28;11:31:57;5;0,443;1035,18;1016,5;278,425;19,066057;1;468863;7,357;7,312;7,289;33,999;32,523;42,841;
2021-05-28;11:32:57;5;0,443;1035,17;1016,46;278,3;19,069395;1;468923;7,356;7,312;7,289;33,999;32,522;42,828;
2021-05-28;11:33:57;5;0,443;1035,18;1016,44;279,987;19,067236;1;468983;7,273;7,229;7,206;33,999;32,528;42,802;
2021-05-28;11:34:57;5;0,443;1035,18;1016,46;273,125;19,06861;1;469043;7,328;7,283;7,26;34,001;32,526;42,761;
2021-05-28;11:35:57;5;2,999;1035,19;1016,45;268,675;19,06753;1;469103;7,361;7,316;7,293;34,005;32,532;42,736;
2021-05-28;11:36:57;5;0,443;1035,16;1016,44;276,662;19,068511;1;469163;7,337;7,292;7,27;33,997;32,545;42,73;
2021-05-28;11:37:57;5;2,999;1035,17;1016,46;271,537;19,068511;1;469223;7,68;7,633;7,609;34,001;32,555;42,701;
2021-05-28;11:38:57;5;0,443;1035,16;1016,48;270,837;19,068511;1;469283;7,339;7,295;7,271;33,999;32,562;42,682;
2021-05-28;11:39:57;5;2,999;1035,2;1016,48;272,837;19,069886;1;469343;7,381;7,336;7,313;34,002;32,576;42,677;
2021-05-28;11:40:57;5;0,443;1035,2;1016,5;275,65;19,067432;1;469403;7,307;7,263;7,24;33,997;32,577;42,651;
2021-05-28;11:41:57;5;0,443;1035,22;1016,49;269,425;19,069493;1;469463;7,225;7,182;7,159;34,006;32,577;42,628;
2021-05-28;11:42:57;5;0,443;1035,24;1016,48;279,837;19,06802;1;469523;7,41;7,365;7,342;33,997;32,578;42,604;
2021-05-28;11:43:57;5;0,443;1035,23;1016,52;276,087;19,068904;1;469583;7,346;7,302;7,278;33,998;32,589;42,605;
2021-05-28;11:44:57;5;0,443;1035,25;1016,51;266,962;19,070769;1;469643;7,302;7,258;7,235;34,005;32,596;42,596;
2021-05-28;11:45:57;5;0,443;1035,23;1016,54;274,337;19,069297;1;469703;7,179;7,136;7,113;33,997;32,61;42,564;
2021-05-28;11:46:57;5;0,443;1035,24;1016,51;269,925;19,069788;1;469763;7,348;7,304;7,281;33,999;32,612;42,535;
2021-05-28;11:47:57;5;0,443;1035,22;1016,51;275,025;19,069591;1;469823;7,25;7,206;7,183;33,996;32,619;42,525;
2021-05-28;11:48:57;5;2,999;1035,21;1016,5;269,975;19,069787;1;469883;7,502;7,457;7,433;34,001;32,62;42,506;
2021-05-28;11:49:57;5;0,443;1035,21;1016,5;265,125;19,068315;1;469943;7,232;7,188;7,165;34,002;32,631;42,477;
2021-05-28;11:50:57;5;2,999;1035,19;1016,47;268,325;19,069297;1;470003;7,233;7,189;7,166;33,997;32,635;42,451;
2021-05-28;11:51:57;5;0,443;1035,18;1016,48;266,737;19,069885;1;470063;7,267;7,223;7,2;34,002;32,638;42,435;
2021-05-28;11:52:57;5;3;1035,17;1016,47;259,112;19,069198;1;470123;7,41;7,365;7,342;33,999;32,647;42,405;
2021-05-28;12:26:07;5;0,426;1037,48;1018,21;837,325;18,961613;1;470230;7,256;7,224;7,189;34,161;30,734;43,61;
2021-05-28;12:27:07;5;0,428;1037,55;1018,25;662,225;18,999896;1;470290;6,946;6,916;6,882;34,019;30,771;43,822;
2021-05-28;12:28:07;5;0,43;1037,37;1018,15;580,012;19,01678;1;470350;6,94;6,91;6,876;34,011;30,829;43,911;
2021-05-28;12:29:07;5;0,431;1037,13;1017,96;505,587;19,028756;1;470410;6,897;6,866;6,834;34,006;30,902;43,962;
2021-05-28;12:30:07;5;0,433;1036,87;1017,7;474,8;19,034646;1;470470;7,08;7,045;7,015;34,003;30,967;43,996;
2021-05-28;12:31:07;5;0,433;1036,61;1017,47;443,187;19,037394;1;470530;6,729;6,695;6,667;33,999;31,051;44,029;
2021-05-28;12:32:07;5;2,992;1036,37;1017,34;428,887;19,047112;1;470590;6,782;6,746;6,719;34,003;31,128;44,038;
2021-05-28;12:33:07;5;0,436;1036,19;1017,18;408,062;19,051235;1;470650;6,535;6,5;6,475;34;31,208;44,004;
2021-05-28;12:34:07;5;2,993;1036,08;1017,07;387,35;19,052216;1;470710;6,575;6,539;6,514;34,005;31,301;43,985;
2021-05-28;12:35:07;5;0,437;1036,01;1016,99;375,45;19,052707;1;470770;6,19;6,155;6,133;34,004;31,378;43,951;
2021-05-28;12:36:07;5;2,994;1035,91;1016,92;370,512;19,054376;1;470830;6,506;6,469;6,445;34,004;31,45;43,91;
2021-05-28;12:37:07;5;0,438;1035,79;1016,83;368,075;19,05575;1;470890;6,699;6,661;6,637;33,999;31,525;43,845;
2021-05-28;12:38:07;5;2,995;1035,66;1016,75;353,525;19,056143;1;470950;6,727;6,688;6,665;34,005;31,602;43,788;
2021-05-28;12:39:07;5;0,438;1035,57;1016,69;345,387;19,057812;1;471010;6,919;6,879;6,856;34,004;31,662;43,752;
2021-05-28;12:40:07;5;0,439;1035,53;1016,62;338,337;19,058204;1;471070;7,41;7,366;7,342;34,001;31,726;43,683;
2021-05-28;12:41:07;5;0,439;1035,51;1016,56;336,175;19,060953;1;471130;7,203;7,16;7,137;33,996;31,79;43,568;
2021-05-28;12:42:07;5;0,44;1035,48;1016,54;323,05;19,06272;1;471190;7,271;7,228;7,204;33,997;31,844;43,524;
2021-05-28;12:43:07;5;0,44;1035,45;1016,54;316,987;19,063113;1;471250;7,111;7,068;7,045;33,999;31,901;43,451;
2021-05-28;12:44:07;5;0,44;1035,48;1016,5;316,787;19,065763;1;471310;7,154;7,11;7,088;34,001;31,949;43,377;
2021-05-28;12:45:07;5;0,441;1035,43;1016,49;309,087;19,065076;1;471370;7,332;7,288;7,265;33,997;31,995;43,313;
2021-05-28;12:46:07;5;0,441;1035,42;1016,47;304,325;19,067333;1;471430;7,201;7,158;7,135;34,002;32,043;43,245;
2021-05-28;12:47:07;5;2,997;1035,36;1016,45;305,5;19,066254;1;471490;7,055;7,012;6,99;33,998;32,103;43,166;
2021-05-28;12:48:07;5;0,441;1035,34;1016,46;294,287;19,067333;1;471550;7,267;7,223;7,2;34,001;32,142;43,117;
2021-06-20;14:55:51;7;0,416;1027,96;1008,42;1314,875;18,841463;1;471614;10,334;10,19;10,239;26,564;23,564;55,491;
2021-06-20;14:56:51;7;0,419;1031,9;1012,41;1323,162;18,845979;1;471674;8,942;8,852;8,86;27,804;23,703;56,904;
2021-06-20;14:57:51;7;0,422;1033,34;1013,78;1319,412;18,843132;1;471734;7,458;7,393;7,389;28,796;23,873;58,268;
2021-06-20;14:58:51;7;0,423;1032,79;1013,28;1317,2;18,842641;1;471794;7,964;7,891;7,891;29,699;24,153;58,552;
2021-06-20;14:59:51;7;0,425;1031,69;1012,17;1316,012;18,841071;1;471854;7,69;7,611;7,619;30,548;24,475;58,571;
2021-06-20;15:00:51;7;0,427;1030,21;1010,8;1318,9;18,840678;1;471914;8,416;8,318;8,339;31,362;24,833;58,269;
2021-06-20;15:01:51;7;2,986;1029,03;1009,62;1306,7;18,834788;1;471974;8,466;8,358;8,388;32,146;25,221;58,099;
2021-06-20;15:02:51;7;0,43;1028,04;1008,47;1305,987;18,836752;1;472034;7,936;7,826;7,863;32,899;25,636;57,742;
2021-06-20;15:03:51;7;2,987;1027;1007,53;1299,2;18,835083;1;472094;7,535;7,423;7,466;33,636;26,068;57,074;
2021-06-20;15:04:51;7;0,431;1026,19;1006,79;1114,5;18,876212;1;472154;7,174;7,063;7,108;34,202;26,504;56,556;
2021-06-20;15:05:51;7;2,989;1025,2;1005,89;951,762;18,915968;1;472214;5,963;5,865;5,908;34,025;26,943;55,719;
2021-06-20;15:06:51;7;0,433;1024,35;1005,04;838,387;18,943257;1;472274;5,689;5,591;5,637;34,017;27,355;54,95;
2021-06-20;15:07:51;7;2,99;1023,57;1004,27;749,887;18,961908;1;472334;6,751;6,63;6,689;34,015;27,727;54,193;
2021-06-20;15:08:51;7;0,434;1022,77;1003,65;694,487;18,974669;1;472394;7,514;7,374;7,445;34,009;28,063;53,545;
2021-06-20;15:09:51;7;0,434;1022,3;1003,16;648,137;18,983994;1;472454;7,683;7,536;7,612;34,006;28,374;52,932;
2021-06-20;15:10:51;7;0,434;1021,9;1002,69;604,45;18,994399;1;472514;7,55;7,403;7,481;34,006;28,662;52,375;
2021-06-20;15:11:51;7;0,434;1021,54;1002,31;567,35;19,001565;1;472574;7,211;7,067;7,145;34,006;28,924;51,892;
2021-06-20;15:12:51;7;0,435;1021,37;1002,02;541,212;19,008534;1;472634;6,889;6,75;6,826;34,005;29,163;51,389;
2021-06-20;15:13:51;7;0,435;1021,13;1001,82;525,312;19,011087;1;472694;6,972;6,83;6,908;34,001;29,398;50,944;
2021-06-20;15:14:51;7;0,436;1020,89;1001,69;502,9;19,017075;1;472754;6,834;6,694;6,771;34,001;29,605;50,437;
2021-06-20;15:15:51;7;0,436;1020,8;1001,58;482,212;19,016191;1;472814;6,773;6,633;6,711;34;29,779;49,969;
2021-06-20;15:16:51;7;2,993;1020,71;1001,55;458,812;19,025124;1;472874;6,7;6,562;6,638;34,002;29,968;49,635;
2021-06-20;15:17:51;7;0,437;1020,65;1001,52;441,975;19,026008;1;472934;6,645;6,508;6,584;34,003;30,128;49,264;
2021-06-20;15:18:51;7;2,994;1020,48;1001,46;438,475;19,029836;1;472994;6,764;6,624;6,702;34,001;30,275;48,929;
2021-06-20;15:19:51;7;0,437;1020,3;1001,41;427,362;19,033467;1;473054;6,603;6,466;6,542;34,002;30,423;48,633;
2021-06-20;15:20:51;7;2,994;1020,26;1001,4;408,112;19,035136;1;473114;6,387;6,254;6,328;34,001;30,559;48,328;
2021-06-20;15:21:51;7;0,438;1020,24;1001,36;398,337;19,037786;1;473174;6,253;6,123;6,196;34;30,691;48,022;
2021-06-20;15:22:51;7;0,438;1020,22;1001,38;385,812;19,038866;1;473234;6,058;5,932;6,002;33,995;30,798;47,719;
2021-06-20;15:23:51;7;0,438;1020,22;1001,33;377,55;19,044462;1;473294;5,986;5,861;5,931;34,003;30,901;47,507;
2021-06-20;15:24:51;7;0,439;1020,25;1001,32;382,987;19,043873;1;473354;5,914;5,79;5,859;33,998;30,996;47,267;
2021-06-20;15:25:51;7;0,438;1020,1;1001,24;362,862;19,045738;1;473414;5,872;5,749;5,818;34;31,082;46,787;
2021-06-20;15:26:51;7;0,439;1020,07;1001,18;363,925;19,048683;1;473474;5,807;5,685;5,754;34,002;31,179;46,402;
2021-06-20;15:27:51;7;0,439;1020,05;1001,14;348,95;19,046916;1;473534;6,074;5,946;6,018;33,998;31,261;46,012;
2021-06-20;15:28:51;7;0,439;1020,07;1001,11;349,587;19,050646;1;473594;6,184;6,054;6,127;34,002;31,332;45,685;
2021-06-20;15:29:51;7;2,996;1020,05;1001,13;334,275;19,051333;1;473654;6,319;6,186;6,261;34,001;31,411;45,412;
2021-06-20;15:30:51;7;0,439;1020,01;1001,2;319,212;19,052413;1;473714;6,293;6,161;6,235;34,004;31,477;45,222;
2021-06-20;15:31:51;7;2,996;1020,03;1001,2;339,512;19,053394;1;473774;6,463;6,327;6,404;34;31,54;44,996;
2021-06-20;15:32:51;7;0,44;1019,99;1001,17;325,975;19,053591;1;473834;6,675;6,535;6,613;34,001;31,61;44,635;
2021-06-20;15:33:51;7;2,996;1020,03;1001,17;320,887;19,052609;1;473894;6,69;6,549;6,628;34,002;31,664;44,39;
2021-06-20;15:34:51;7;0,44;1020;1001,18;317,125;19,054082;1;473954;6,715;6,574;6,653;34,004;31,722;44,083;
2021-06-20;15:35:51;7;0,44;1019,94;1001,13;318,075;19,054376;1;474014;6,779;6,636;6,716;34;31,759;43,76;
2021-06-20;15:36:51;7;0,44;1019,93;1001,1;312,837;19,056241;1;474074;6,824;6,68;6,761;34,004;31,809;43,484;
2021-06-20;15:37:51;7;0,441;1019,97;1001,11;314,362;19,057124;1;474134;6,744;6,602;6,682;33,999;31,862;43,318;
2021-06-20;15:38:51;7;0,441;1019,97;1001,17;311,787;19,057223;1;474194;6,7;6,559;6,638;34;31,902;43,223;
2021-06-20;15:39:51;7;0,441;1019,99;1001,12;313,262;19,054671;1;474254;6,725;6,583;6,663;33,998;31,939;43,011;
2021-06-20;15:40:51;7;0,441;1019,97;1001,1;305,075;19,058106;1;474314;6,774;6,631;6,712;33,999;31,991;42,788;
2021-06-20;15:41:51;7;0,441;1019,98;1001,14;306,062;19,056536;1;474374;6,759;6,617;6,697;34,001;32,019;42,695;
2021-06-20;15:42:51;7;2,998;1019,99;1001,14;300,55;19,059186;1;474434;6,689;6,548;6,627;34,002;32,059;42,619;
2021-06-20;15:43:51;7;0,441;1019,94;1001,13;294;19,05899;1;474494;6,57;6,432;6,51;33,996;32,106;42,455;
2021-06-20;15:44:51;7;2,998;1019,95;1001,12;297,062;19,060364;1;474554;6,595;6,456;6,534;34;32,129;42,445;
2022-03-16;08:25:18;3;0,412;1054,25;1034,26;1323,587;18,859525;1;474633;24,876;25,156;24,645;24,043;21,217;38,926;
2022-03-16;08:26:18;3;0,415;1059,99;1039,91;1324,712;18,847156;1;474693;21,934;22,303;21,731;25,255;21,329;39,237;
2022-03-16;08:27:18;3;0,418;1061,85;1041,66;1322,662;18,863059;1;474753;20,878;21,265;20,685;26,255;21,528;39,307;
2022-03-16;08:28:18;3;0,42;1061,92;1041,79;1320,287;18,858347;1;474813;20,302;20,681;20,115;27,155;21,786;39,243;
2022-03-16;08:29:18;3;0,422;1061,44;1041,3;1306,537;18,854224;1;474873;20,58;20,954;20,39;28,012;22,08;39,088;
2022-03-16;08:30:18;3;0,423;1060,62;1040,51;1316,2;18,84166;1;474933;19,303;19,639;19,125;28,822;22,408;38,897;
2022-03-16;08:31:18;3;2,982;1059,7;1039,64;1308,862;18,844997;1;474993;18,567;18,875;18,396;29,602;22,753;38,632;
2022-03-16;08:34:11;3;0,425;1056,49;1036,42;1313,725;18,834985;1;475107;17,305;17,537;17,145;30,452;23,52;37,811;
2022-03-16;08:35:11;3;0,426;1057,48;1037,43;1323,275;18,831843;1;475167;16,778;17,02;16,623;31,391;23,94;37,514;
2022-03-16;08:36:11;3;0,427;1057,36;1037,44;1310,525;18,839205;1;475227;15,654;15,88;15,51;32,155;24,353;37,209;
2022-03-16;08:37:11;3;0,428;1057;1037,06;1304,612;18,838126;1;475287;15,097;15,31;14,958;32,871;24,762;36,853;
2022-03-16;08:38:11;3;0,429;1056,49;1036,51;1306,925;18,838126;1;475347;14,46;14,655;14,326;33,557;25,188;36,503;
2022-03-16;08:39:11;3;0,43;1055,96;1035,88;1260;18,84696;1;475407;13,77;13,948;13,643;34,223;25,616;36,103;
2022-03-16;08:40:11;3;2,988;1055,16;1035,05;963,65;18,911649;1;475467;13,299;13,46;13,176;34,031;26,032;35,7;
